birthPlaceCountry,countryofResidency,deathTime,firstName,isActive,lastName,legalName,listedCompany,maritalStatus,middleName,name,nameAlias,nationality,occupation,organizationSymbol,partyId,partyType,sourceOfIncome,title,website,gender,homePhone,alternatePhone,cellPhone,primaryPhone,workPhone,alternateEmail,companyEmail,personalEmail,workEmail,isIndividual
US,US,,,1,,,,,,,,US,,,2,Individual,,,,,,,,,,,,,,
US,US,,,1,,,,,,,,US,,,3,Individual,,,,,,,,,,,,,,
US,US,,,1,,,,,,,,US,,,5,Individual,,,,,,,,,,,,,,
US,US,,,1,,,,,,,,US,,,9,Individual,,,,,,,,,,,,,,
US,US,,,1,,,,,,,,US,,,10,Individual,,,,,,,,,,,,,,
US,US,,,1,,,,,,,,US,,,14,Individual,,,,,,,,,,,,,,
US,US,,,1,,,,,,,,US,,,15,Individual,,,,,,,,,,,,,,
US,US,,,1,,,,,,,,US,,,16,Individual,,,,,,,,,,,,,,
US,US,,,1,,,,,,,,US,,,18,Individual,,,,,,,,,,,,,,
US,US,,,1,,,,,,,,US,,,20,Individual,,,,,,,,,,,,,,
US,US,,,1,,,,,,,,US,,,23,Individual,,,,,,,,,,,,,,
US,US,,,1,,,,,,,,US,,,27,Individual,,,,,,,,,,,,,,
US,US,,,1,,,,,,,,US,,,28,Individual,,,,,,,,,,,,,,
US,US,,,1,,,,,,,,US,,,31,Individual,,,,,,,,,,,,,,
US,US,,,1,,,,,,,,US,,,33,Individual,,,,,,,,,,,,,,
US,US,,,1,,,,,,,,US,,,34,Individual,,,,,,,,,,,,,,
US,US,,,1,,,,,,,,US,,,35,Individual,,,,,,,,,,,,,,
US,US,,,1,,,,,,,,US,,,37,Individual,,,,,,,,,,,,,,
US,US,,,1,,,,,,,,US,,,38,Individual,,,,,,,,,,,,,,
US,US,,,1,,,,,,,,US,,,40,Individual,,,,,,,,,,,,,,
US,US,,,1,,,,,,,,US,,,42,Individual,,,,,,,,,,,,,,
US,US,,,1,,,,,,,,US,,,45,Individual,,,,,,,,,,,,,,
US,US,,,1,,,,,,,,US,,,46,Individual,,,,,,,,,,,,,,
US,US,,,1,,,,,,,,US,,,47,Individual,,,,,,,,,,,,,,
US,US,,,1,,,,,,,,US,,,49,Individual,,,,,,,,,,,,,,
US,US,,,1,,,,,,,,US,,,50,Individual,,,,,,,,,,,,,,
US,US,,,1,,,,,,,,US,,,51,Individual,,,,,,,,,,,,,,
US,US,,,1,,,,,,,,US,,,52,Individual,,,,,,,,,,,,,,
US,US,,,1,,,,,,,,US,,,53,Individual,,,,,,,,,,,,,,
US,US,,,1,,,,,,,,US,,,54,Individual,,,,,,,,,,,,,,
US,US,,,1,,,,,,,,US,,,56,Individual,,,,,,,,,,,,,,
US,US,,,1,,,,,,,,US,,,58,Individual,,,,,,,,,,,,,,
US,US,,,1,,,,,,,,US,,,62,Individual,,,,,,,,,,,,,,
US,US,,,1,,,,,,,,US,,,63,Individual,,,,,,,,,,,,,,
US,US,,,1,,,,,,,,US,,,64,Individual,,,,,,,,,,,,,,
US,US,,,1,,,,,,,,US,,,69,Individual,,,,,,,,,,,,,,
US,US,,,1,,,,,,,,US,,,71,Individual,,,,,,,,,,,,,,
US,US,,,1,,,,,,,,US,,,72,Individual,,,,,,,,,,,,,,
US,US,,,1,,,,,,,,US,,,74,Individual,,,,,,,,,,,,,,
US,US,,,1,,,,,,,,US,,,75,Individual,,,,,,,,,,,,,,
US,US,,,1,,,,,,,,US,,,78,Individual,,,,,,,,,,,,,,
US,US,,,1,,,,,,,,US,,,79,Individual,,,,,,,,,,,,,,
US,US,,,1,,,,,,,,US,,,82,Individual,,,,,,,,,,,,,,
US,US,,,1,,,,,,,,US,,,83,Individual,,,,,,,,,,,,,,
US,US,,,1,,,,,,,,US,,,85,Individual,,,,,,,,,,,,,,
US,US,,,1,,,,,,,,US,,,86,Individual,,,,,,,,,,,,,,
US,US,,,1,,,,,,,,US,,,88,Individual,,,,,,,,,,,,,,
US,US,,,1,,,,,,,,US,,,89,Individual,,,,,,,,,,,,,,
US,US,,,1,,,,,,,,US,,,90,Individual,,,,,,,,,,,,,,
US,US,,,1,,,,,,,,US,,,91,Individual,,,,,,,,,,,,,,
US,US,,,1,,,,,,,,US,,,94,Individual,,,,,,,,,,,,,,
US,US,,,1,,,,,,,,US,,,97,Individual,,,,,,,,,,,,,,
US,US,,,1,,,,,,,,US,,,98,Individual,,,,,,,,,,,,,,
US,US,,,1,,,,,,,,US,,,100,Individual,,,,,,,,,,,,,,
US,US,,,1,,,,,,,,US,,,101,Individual,,,,,,,,,,,,,,
US,US,,,1,,,,,,,,US,,,102,Individual,,,,,,,,,,,,,,
US,US,,,1,,,,,,,,US,,,105,Individual,,,,,,,,,,,,,,
US,US,,,1,,,,,,,,US,,,107,Individual,,,,,,,,,,,,,,
US,US,,,1,,,,,,,,US,,,108,Individual,,,,,,,,,,,,,,
US,US,,,1,,,,,,,,US,,,109,Individual,,,,,,,,,,,,,,
US,US,,,1,,,,,,,,US,,,111,Individual,,,,,,,,,,,,,,
US,US,,,1,,,,,,,,US,,,113,Individual,,,,,,,,,,,,,,
US,US,,,1,,,,,,,,US,,,114,Individual,,,,,,,,,,,,,,
US,US,,,1,,,,,,,,US,,,116,Individual,,,,,,,,,,,,,,
US,US,,,1,,,,,,,,US,,,117,Individual,,,,,,,,,,,,,,
US,US,,,1,,,,,,,,US,,,119,Individual,,,,,,,,,,,,,,
US,US,,,1,,,,,,,,US,,,121,Individual,,,,,,,,,,,,,,
US,US,,,1,,,,,,,,US,,,123,Individual,,,,,,,,,,,,,,
US,US,,,1,,,,,,,,US,,,128,Individual,,,,,,,,,,,,,,
US,US,,,1,,,,,,,,US,,,129,Individual,,,,,,,,,,,,,,
US,US,,,1,,,,,,,,US,,,130,Individual,,,,,,,,,,,,,,
US,US,,,1,,,,,,,,US,,,134,Individual,,,,,,,,,,,,,,
US,US,,,1,,,,,,,,US,,,136,Individual,,,,,,,,,,,,,,
US,US,,,1,,,,,,,,US,,,141,Individual,,,,,,,,,,,,,,
US,US,,,1,,,,,,,,US,,,143,Individual,,,,,,,,,,,,,,
US,US,,,1,,,,,,,,US,,,145,Individual,,,,,,,,,,,,,,
US,US,,,1,,,,,,,,US,,,146,Individual,,,,,,,,,,,,,,
US,US,,,1,,,,,,,,US,,,147,Individual,,,,,,,,,,,,,,
US,US,,,1,,,,,,,,US,,,149,Individual,,,,,,,,,,,,,,
US,US,,,1,,,,,,,,US,,,152,Individual,,,,,,,,,,,,,,
US,US,,,1,,,,,,,,US,,,153,Individual,,,,,,,,,,,,,,
US,US,,,1,,,,,,,,US,,,155,Individual,,,,,,,,,,,,,,
US,US,,,1,,,,,,,,US,,,156,Individual,,,,,,,,,,,,,,
US,US,,,1,,,,,,,,US,,,157,Individual,,,,,,,,,,,,,,
US,US,,,1,,,,,,,,US,,,158,Individual,,,,,,,,,,,,,,
US,US,,,1,,,,,,,,US,,,159,Individual,,,,,,,,,,,,,,
US,US,,,1,,,,,,,,US,,,160,Individual,,,,,,,,,,,,,,
US,US,,,1,,,,,,,,US,,,162,Individual,,,,,,,,,,,,,,
US,US,,,1,,,,,,,,US,,,163,Individual,,,,,,,,,,,,,,
US,US,,,1,,,,,,,,US,,,165,Individual,,,,,,,,,,,,,,
US,US,,,1,,,,,,,,US,,,167,Individual,,,,,,,,,,,,,,
US,US,,,1,,,,,,,,US,,,168,Individual,,,,,,,,,,,,,,
US,US,,,1,,,,,,,,US,,,169,Individual,,,,,,,,,,,,,,
US,US,,,1,,,,,,,,US,,,173,Individual,,,,,,,,,,,,,,
US,US,,,1,,,,,,,,US,,,175,Individual,,,,,,,,,,,,,,
US,US,,,1,,,,,,,,US,,,176,Individual,,,,,,,,,,,,,,
US,US,,,1,,,,,,,,US,,,178,Individual,,,,,,,,,,,,,,
US,US,,,1,,,,,,,,US,,,180,Individual,,,,,,,,,,,,,,
US,US,,,1,,,,,,,,US,,,181,Individual,,,,,,,,,,,,,,
US,US,,,1,,,,,,,,US,,,184,Individual,,,,,,,,,,,,,,
US,US,,,1,,,,,,,,US,,,186,Individual,,,,,,,,,,,,,,
US,US,,,1,,,,,,,,US,,,187,Individual,,,,,,,,,,,,,,
US,US,,,1,,,,,,,,US,,,188,Individual,,,,,,,,,,,,,,
US,US,,,1,,,,,,,,US,,,193,Individual,,,,,,,,,,,,,,
US,US,,,1,,,,,,,,US,,,195,Individual,,,,,,,,,,,,,,
US,US,,,1,,,,,,,,US,,,203,Individual,,,,,,,,,,,,,,
US,US,,,1,,,,,,,,US,,,204,Individual,,,,,,,,,,,,,,
US,US,,,1,,,,,,,,US,,,205,Individual,,,,,,,,,,,,,,
US,US,,,1,,,,,,,,US,,,206,Individual,,,,,,,,,,,,,,
US,US,,,1,,,,,,,,US,,,209,Individual,,,,,,,,,,,,,,
US,US,,,1,,,,,,,,US,,,216,Individual,,,,,,,,,,,,,,
US,US,,,1,,,,,,,,US,,,219,Individual,,,,,,,,,,,,,,
US,US,,,1,,,,,,,,US,,,220,Individual,,,,,,,,,,,,,,
US,US,,,1,,,,,,,,US,,,221,Individual,,,,,,,,,,,,,,
US,US,,,1,,,,,,,,US,,,223,Individual,,,,,,,,,,,,,,
US,US,,,1,,,,,,,,US,,,225,Individual,,,,,,,,,,,,,,
US,US,,,1,,,,,,,,US,,,230,Individual,,,,,,,,,,,,,,
US,US,,,1,,,,,,,,US,,,234,Individual,,,,,,,,,,,,,,
US,US,,,1,,,,,,,,US,,,235,Individual,,,,,,,,,,,,,,
US,US,,,1,,,,,,,,US,,,236,Individual,,,,,,,,,,,,,,
US,US,,,1,,,,,,,,US,,,238,Individual,,,,,,,,,,,,,,
US,US,,,1,,,,,,,,US,,,239,Individual,,,,,,,,,,,,,,
US,US,,,1,,,,,,,,US,,,240,Individual,,,,,,,,,,,,,,
US,US,,,1,,,,,,,,US,,,241,Individual,,,,,,,,,,,,,,
US,US,,,1,,,,,,,,US,,,243,Individual,,,,,,,,,,,,,,
US,US,,,1,,,,,,,,US,,,244,Individual,,,,,,,,,,,,,,
US,US,,,1,,,,,,,,US,,,245,Individual,,,,,,,,,,,,,,
US,US,,,1,,,,,,,,US,,,249,Individual,,,,,,,,,,,,,,
US,US,,,1,,,,,,,,US,,,250,Individual,,,,,,,,,,,,,,
US,US,,,1,,,,,,,,US,,,251,Individual,,,,,,,,,,,,,,
US,US,,,1,,,,,,,,US,,,254,Individual,,,,,,,,,,,,,,
US,US,,,1,,,,,,,,US,,,255,Individual,,,,,,,,,,,,,,
US,US,,,1,,,,,,,,US,,,256,Individual,,,,,,,,,,,,,,
US,US,,,1,,,,,,,,US,,,257,Individual,,,,,,,,,,,,,,
US,US,,,1,,,,,,,,US,,,258,Individual,,,,,,,,,,,,,,
US,US,,,1,,,,,,,,US,,,261,Individual,,,,,,,,,,,,,,
US,US,,,1,,,,,,,,US,,,262,Individual,,,,,,,,,,,,,,
US,US,,,1,,,,,,,,US,,,263,Individual,,,,,,,,,,,,,,
US,US,,,1,,,,,,,,US,,,265,Individual,,,,,,,,,,,,,,
US,US,,,1,,,,,,,,US,,,267,Individual,,,,,,,,,,,,,,
US,US,,,1,,,,,,,,US,,,268,Individual,,,,,,,,,,,,,,
US,US,,,1,,,,,,,,US,,,272,Individual,,,,,,,,,,,,,,
US,US,,,1,,,,,,,,US,,,278,Individual,,,,,,,,,,,,,,
US,US,,,1,,,,,,,,US,,,280,Individual,,,,,,,,,,,,,,
US,US,,,1,,,,,,,,US,,,285,Individual,,,,,,,,,,,,,,
US,US,,,1,,,,,,,,US,,,289,Individual,,,,,,,,,,,,,,
US,US,,,1,,,,,,,,US,,,291,Individual,,,,,,,,,,,,,,
US,US,,,1,,,,,,,,US,,,292,Individual,,,,,,,,,,,,,,
US,US,,,1,,,,,,,,US,,,295,Individual,,,,,,,,,,,,,,
US,US,,,1,,,,,,,,US,,,296,Individual,,,,,,,,,,,,,,
US,US,,,1,,,,,,,,US,,,298,Individual,,,,,,,,,,,,,,
US,US,,,1,,,,,,,,US,,,299,Individual,,,,,,,,,,,,,,
US,US,,,1,,,,,,,,US,,,300,Individual,,,,,,,,,,,,,,
US,US,,,1,,,,,,,,US,,,301,Individual,,,,,,,,,,,,,,
US,US,,,1,,,,,,,,US,,,302,Individual,,,,,,,,,,,,,,
US,US,,,1,,,,,,,,US,,,303,Individual,,,,,,,,,,,,,,
US,US,,,1,,,,,,,,US,,,304,Individual,,,,,,,,,,,,,,
US,US,,,1,,,,,,,,US,,,307,Individual,,,,,,,,,,,,,,
US,US,,,1,,,,,,,,US,,,308,Individual,,,,,,,,,,,,,,
US,US,,,1,,,,,,,,US,,,312,Individual,,,,,,,,,,,,,,
US,US,,,1,,,,,,,,US,,,313,Individual,,,,,,,,,,,,,,
US,US,,,1,,,,,,,,US,,,314,Individual,,,,,,,,,,,,,,
US,US,,,1,,,,,,,,US,,,317,Individual,,,,,,,,,,,,,,
US,US,,,1,,,,,,,,US,,,318,Individual,,,,,,,,,,,,,,
US,US,,,1,,,,,,,,US,,,322,Individual,,,,,,,,,,,,,,
US,US,,,1,,,,,,,,US,,,323,Individual,,,,,,,,,,,,,,
US,US,,,1,,,,,,,,US,,,326,Individual,,,,,,,,,,,,,,
US,US,,,1,,,,,,,,US,,,327,Individual,,,,,,,,,,,,,,
US,US,,,1,,,,,,,,US,,,329,Individual,,,,,,,,,,,,,,
US,US,,,1,,,,,,,,US,,,333,Individual,,,,,,,,,,,,,,
US,US,,,1,,,,,,,,US,,,334,Individual,,,,,,,,,,,,,,
US,US,,,1,,,,,,,,US,,,335,Individual,,,,,,,,,,,,,,
US,US,,,1,,,,,,,,US,,,340,Individual,,,,,,,,,,,,,,
US,US,,,1,,,,,,,,US,,,341,Individual,,,,,,,,,,,,,,
US,US,,,1,,,,,,,,US,,,342,Individual,,,,,,,,,,,,,,
US,US,,,1,,,,,,,,US,,,345,Individual,,,,,,,,,,,,,,
US,US,,,1,,,,,,,,US,,,354,Individual,,,,,,,,,,,,,,
US,US,,,1,,,,,,,,US,,,357,Individual,,,,,,,,,,,,,,
US,US,,,1,,,,,,,,US,,,359,Individual,,,,,,,,,,,,,,
US,US,,,1,,,,,,,,US,,,360,Individual,,,,,,,,,,,,,,
US,US,,,1,,,,,,,,US,,,363,Individual,,,,,,,,,,,,,,
US,US,,,1,,,,,,,,US,,,365,Individual,,,,,,,,,,,,,,
US,US,,,1,,,,,,,,US,,,366,Individual,,,,,,,,,,,,,,
US,US,,,1,,,,,,,,US,,,367,Individual,,,,,,,,,,,,,,
US,US,,,1,,,,,,,,US,,,368,Individual,,,,,,,,,,,,,,
US,US,,,1,,,,,,,,US,,,369,Individual,,,,,,,,,,,,,,
US,US,,,1,,,,,,,,US,,,373,Individual,,,,,,,,,,,,,,
US,US,,,1,,,,,,,,US,,,374,Individual,,,,,,,,,,,,,,
US,US,,,1,,,,,,,,US,,,376,Individual,,,,,,,,,,,,,,
US,US,,,1,,,,,,,,US,,,379,Individual,,,,,,,,,,,,,,
US,US,,,1,,,,,,,,US,,,382,Individual,,,,,,,,,,,,,,
US,US,,,1,,,,,,,,US,,,385,Individual,,,,,,,,,,,,,,
US,US,,,1,,,,,,,,US,,,386,Individual,,,,,,,,,,,,,,
US,US,,,1,,,,,,,,US,,,387,Individual,,,,,,,,,,,,,,
US,US,,,1,,,,,,,,US,,,390,Individual,,,,,,,,,,,,,,
US,US,,,1,,,,,,,,US,,,393,Individual,,,,,,,,,,,,,,
US,US,,,1,,,,,,,,US,,,394,Individual,,,,,,,,,,,,,,
US,US,,,1,,,,,,,,US,,,399,Individual,,,,,,,,,,,,,,
US,US,,,1,,,,,,,,US,,,401,Individual,,,,,,,,,,,,,,
US,US,,,1,,,,,,,,US,,,402,Individual,,,,,,,,,,,,,,
US,US,,,1,,,,,,,,US,,,408,Individual,,,,,,,,,,,,,,
US,US,,,1,,,,,,,,US,,,411,Individual,,,,,,,,,,,,,,
US,US,,,1,,,,,,,,US,,,416,Individual,,,,,,,,,,,,,,
US,US,,,1,,,,,,,,US,,,422,Individual,,,,,,,,,,,,,,
US,US,,,1,,,,,,,,US,,,426,Individual,,,,,,,,,,,,,,
US,US,,,1,,,,,,,,US,,,430,Individual,,,,,,,,,,,,,,
US,US,,,1,,,,,,,,US,,,431,Individual,,,,,,,,,,,,,,
US,US,,,1,,,,,,,,US,,,432,Individual,,,,,,,,,,,,,,
US,US,,,1,,,,,,,,US,,,434,Individual,,,,,,,,,,,,,,
US,US,,,1,,,,,,,,US,,,436,Individual,,,,,,,,,,,,,,
US,US,,,1,,,,,,,,US,,,437,Individual,,,,,,,,,,,,,,
US,US,,,1,,,,,,,,US,,,440,Individual,,,,,,,,,,,,,,
US,US,,,1,,,,,,,,US,,,441,Individual,,,,,,,,,,,,,,
US,US,,,1,,,,,,,,US,,,447,Individual,,,,,,,,,,,,,,
US,US,,,1,,,,,,,,US,,,449,Individual,,,,,,,,,,,,,,
US,US,,,1,,,,,,,,US,,,451,Individual,,,,,,,,,,,,,,
US,US,,,1,,,,,,,,US,,,453,Individual,,,,,,,,,,,,,,
US,US,,,1,,,,,,,,US,,,454,Individual,,,,,,,,,,,,,,
US,US,,,1,,,,,,,,US,,,456,Individual,,,,,,,,,,,,,,
US,US,,,1,,,,,,,,US,,,457,Individual,,,,,,,,,,,,,,
US,US,,,1,,,,,,,,US,,,458,Individual,,,,,,,,,,,,,,
US,US,,,1,,,,,,,,US,,,459,Individual,,,,,,,,,,,,,,
US,US,,,1,,,,,,,,US,,,465,Individual,,,,,,,,,,,,,,
US,US,,,1,,,,,,,,US,,,466,Individual,,,,,,,,,,,,,,
US,US,,,1,,,,,,,,US,,,469,Individual,,,,,,,,,,,,,,
US,US,,,1,,,,,,,,US,,,472,Individual,,,,,,,,,,,,,,
US,US,,,1,,,,,,,,US,,,479,Individual,,,,,,,,,,,,,,
US,US,,,1,,,,,,,,US,,,481,Individual,,,,,,,,,,,,,,
US,US,,,1,,,,,,,,US,,,482,Individual,,,,,,,,,,,,,,
US,US,,,1,,,,,,,,US,,,483,Individual,,,,,,,,,,,,,,
US,US,,,1,,,,,,,,US,,,487,Individual,,,,,,,,,,,,,,
US,US,,,1,,,,,,,,US,,,488,Individual,,,,,,,,,,,,,,
US,US,,,1,,,,,,,,US,,,489,Individual,,,,,,,,,,,,,,
US,US,,,1,,,,,,,,US,,,494,Individual,,,,,,,,,,,,,,
US,US,,,1,,,,,,,,US,,,497,Individual,,,,,,,,,,,,,,
US,US,,,1,,,,,,,,US,,,498,Individual,,,,,,,,,,,,,,
US,US,,,1,,,,,,,,US,,,501,Individual,,,,,,,,,,,,,,
US,US,,,1,,,,,,,,US,,,503,Individual,,,,,,,,,,,,,,
US,US,,,1,,,,,,,,US,,,505,Individual,,,,,,,,,,,,,,
US,US,,,1,,,,,,,,US,,,509,Individual,,,,,,,,,,,,,,
US,US,,,1,,,,,,,,US,,,514,Individual,,,,,,,,,,,,,,
US,US,,,1,,,,,,,,US,,,515,Individual,,,,,,,,,,,,,,
US,US,,,1,,,,,,,,US,,,520,Individual,,,,,,,,,,,,,,
US,US,,,1,,,,,,,,US,,,523,Individual,,,,,,,,,,,,,,
US,US,,,1,,,,,,,,US,,,526,Individual,,,,,,,,,,,,,,
US,US,,,1,,,,,,,,US,,,527,Individual,,,,,,,,,,,,,,
US,US,,,1,,,,,,,,US,,,528,Individual,,,,,,,,,,,,,,
US,US,,,1,,,,,,,,US,,,529,Individual,,,,,,,,,,,,,,
US,US,,,1,,,,,,,,US,,,530,Individual,,,,,,,,,,,,,,
US,US,,,1,,,,,,,,US,,,531,Individual,,,,,,,,,,,,,,
US,US,,,1,,,,,,,,US,,,534,Individual,,,,,,,,,,,,,,
US,US,,,1,,,,,,,,US,,,535,Individual,,,,,,,,,,,,,,
US,US,,,1,,,,,,,,US,,,536,Individual,,,,,,,,,,,,,,
US,US,,,1,,,,,,,,US,,,537,Individual,,,,,,,,,,,,,,
US,US,,,1,,,,,,,,US,,,539,Individual,,,,,,,,,,,,,,
US,US,,,1,,,,,,,,US,,,540,Individual,,,,,,,,,,,,,,
US,US,,,1,,,,,,,,US,,,542,Individual,,,,,,,,,,,,,,
US,US,,,1,,,,,,,,US,,,543,Individual,,,,,,,,,,,,,,
US,US,,,1,,,,,,,,US,,,544,Individual,,,,,,,,,,,,,,
US,US,,,1,,,,,,,,US,,,546,Individual,,,,,,,,,,,,,,
US,US,,,1,,,,,,,,US,,,548,Individual,,,,,,,,,,,,,,
US,US,,,1,,,,,,,,US,,,551,Individual,,,,,,,,,,,,,,
US,US,,,1,,,,,,,,US,,,552,Individual,,,,,,,,,,,,,,
US,US,,,1,,,,,,,,US,,,554,Individual,,,,,,,,,,,,,,
US,US,,,1,,,,,,,,US,,,555,Individual,,,,,,,,,,,,,,
US,US,,,1,,,,,,,,US,,,556,Individual,,,,,,,,,,,,,,
US,US,,,1,,,,,,,,US,,,557,Individual,,,,,,,,,,,,,,
US,US,,,1,,,,,,,,US,,,558,Individual,,,,,,,,,,,,,,
US,US,,,1,,,,,,,,US,,,559,Individual,,,,,,,,,,,,,,
US,US,,,1,,,,,,,,US,,,560,Individual,,,,,,,,,,,,,,
US,US,,,1,,,,,,,,US,,,561,Individual,,,,,,,,,,,,,,
US,US,,,1,,,,,,,,US,,,562,Individual,,,,,,,,,,,,,,
US,US,,,1,,,,,,,,US,,,563,Individual,,,,,,,,,,,,,,
US,US,,,1,,,,,,,,US,,,564,Individual,,,,,,,,,,,,,,
US,US,,,1,,,,,,,,US,,,568,Individual,,,,,,,,,,,,,,
US,US,,,1,,,,,,,,US,,,569,Individual,,,,,,,,,,,,,,
US,US,,,1,,,,,,,,US,,,570,Individual,,,,,,,,,,,,,,
US,US,,,1,,,,,,,,US,,,572,Individual,,,,,,,,,,,,,,
US,US,,,1,,,,,,,,US,,,573,Individual,,,,,,,,,,,,,,
US,US,,,1,,,,,,,,US,,,574,Individual,,,,,,,,,,,,,,
US,US,,,1,,,,,,,,US,,,577,Individual,,,,,,,,,,,,,,
US,US,,,1,,,,,,,,US,,,578,Individual,,,,,,,,,,,,,,
US,US,,,1,,,,,,,,US,,,579,Individual,,,,,,,,,,,,,,
US,US,,,1,,,,,,,,US,,,580,Individual,,,,,,,,,,,,,,
US,US,,,1,,,,,,,,US,,,582,Individual,,,,,,,,,,,,,,
US,US,,,1,,,,,,,,US,,,583,Individual,,,,,,,,,,,,,,
US,US,,,1,,,,,,,,US,,,585,Individual,,,,,,,,,,,,,,
US,US,,,1,,,,,,,,US,,,586,Individual,,,,,,,,,,,,,,
US,US,,,1,,,,,,,,US,,,588,Individual,,,,,,,,,,,,,,
US,US,,,1,,,,,,,,US,,,589,Individual,,,,,,,,,,,,,,
US,US,,,1,,,,,,,,US,,,591,Individual,,,,,,,,,,,,,,
US,US,,,1,,,,,,,,US,,,592,Individual,,,,,,,,,,,,,,
US,US,,,1,,,,,,,,US,,,593,Individual,,,,,,,,,,,,,,
US,US,,,1,,,,,,,,US,,,595,Individual,,,,,,,,,,,,,,
US,US,,,1,,,,,,,,US,,,596,Individual,,,,,,,,,,,,,,
US,US,,,1,,,,,,,,US,,,601,Individual,,,,,,,,,,,,,,
US,US,,,1,,,,,,,,US,,,602,Individual,,,,,,,,,,,,,,
US,US,,,1,,,,,,,,US,,,603,Individual,,,,,,,,,,,,,,
US,US,,,1,,,,,,,,US,,,604,Individual,,,,,,,,,,,,,,
US,US,,,1,,,,,,,,US,,,607,Individual,,,,,,,,,,,,,,
US,US,,,1,,,,,,,,US,,,611,Individual,,,,,,,,,,,,,,
US,US,,,1,,,,,,,,US,,,612,Individual,,,,,,,,,,,,,,
US,US,,,1,,,,,,,,US,,,615,Individual,,,,,,,,,,,,,,
US,US,,,1,,,,,,,,US,,,618,Individual,,,,,,,,,,,,,,
US,US,,,1,,,,,,,,US,,,621,Individual,,,,,,,,,,,,,,
US,US,,,1,,,,,,,,US,,,623,Individual,,,,,,,,,,,,,,
US,US,,,1,,,,,,,,US,,,626,Individual,,,,,,,,,,,,,,
US,US,,,1,,,,,,,,US,,,627,Individual,,,,,,,,,,,,,,
US,US,,,1,,,,,,,,US,,,628,Individual,,,,,,,,,,,,,,
US,US,,,1,,,,,,,,US,,,629,Individual,,,,,,,,,,,,,,
US,US,,,1,,,,,,,,US,,,630,Individual,,,,,,,,,,,,,,
US,US,,,1,,,,,,,,US,,,632,Individual,,,,,,,,,,,,,,
US,US,,,1,,,,,,,,US,,,633,Individual,,,,,,,,,,,,,,
US,US,,,1,,,,,,,,US,,,636,Individual,,,,,,,,,,,,,,
US,US,,,1,,,,,,,,US,,,637,Individual,,,,,,,,,,,,,,
US,US,,,1,,,,,,,,US,,,638,Individual,,,,,,,,,,,,,,
US,US,,,1,,,,,,,,US,,,639,Individual,,,,,,,,,,,,,,
US,US,,,1,,,,,,,,US,,,642,Individual,,,,,,,,,,,,,,
US,US,,,1,,,,,,,,US,,,644,Individual,,,,,,,,,,,,,,
US,US,,,1,,,,,,,,US,,,648,Individual,,,,,,,,,,,,,,
US,US,,,1,,,,,,,,US,,,649,Individual,,,,,,,,,,,,,,
US,US,,,1,,,,,,,,US,,,650,Individual,,,,,,,,,,,,,,
US,US,,,1,,,,,,,,US,,,652,Individual,,,,,,,,,,,,,,
US,US,,,1,,,,,,,,US,,,654,Individual,,,,,,,,,,,,,,
US,US,,,1,,,,,,,,US,,,655,Individual,,,,,,,,,,,,,,
US,US,,,1,,,,,,,,US,,,658,Individual,,,,,,,,,,,,,,
US,US,,,1,,,,,,,,US,,,661,Individual,,,,,,,,,,,,,,
US,US,,,1,,,,,,,,US,,,665,Individual,,,,,,,,,,,,,,
US,US,,,1,,,,,,,,US,,,666,Individual,,,,,,,,,,,,,,
US,US,,,1,,,,,,,,US,,,667,Individual,,,,,,,,,,,,,,
US,US,,,1,,,,,,,,US,,,668,Individual,,,,,,,,,,,,,,
US,US,,,1,,,,,,,,US,,,669,Individual,,,,,,,,,,,,,,
US,US,,,1,,,,,,,,US,,,670,Individual,,,,,,,,,,,,,,
US,US,,,1,,,,,,,,US,,,675,Individual,,,,,,,,,,,,,,
US,US,,,1,,,,,,,,US,,,680,Individual,,,,,,,,,,,,,,
US,US,,,1,,,,,,,,US,,,681,Individual,,,,,,,,,,,,,,
US,US,,,1,,,,,,,,US,,,682,Individual,,,,,,,,,,,,,,
US,US,,,1,,,,,,,,US,,,685,Individual,,,,,,,,,,,,,,
US,US,,,1,,,,,,,,US,,,686,Individual,,,,,,,,,,,,,,
US,US,,,1,,,,,,,,US,,,687,Individual,,,,,,,,,,,,,,
US,US,,,1,,,,,,,,US,,,690,Individual,,,,,,,,,,,,,,
US,US,,,1,,,,,,,,US,,,692,Individual,,,,,,,,,,,,,,
US,US,,,1,,,,,,,,US,,,693,Individual,,,,,,,,,,,,,,
US,US,,,1,,,,,,,,US,,,698,Individual,,,,,,,,,,,,,,
US,US,,,1,,,,,,,,US,,,700,Individual,,,,,,,,,,,,,,
US,US,,,1,,,,,,,,US,,,705,Individual,,,,,,,,,,,,,,
US,US,,,1,,,,,,,,US,,,706,Individual,,,,,,,,,,,,,,
US,US,,,1,,,,,,,,US,,,707,Individual,,,,,,,,,,,,,,
US,US,,,1,,,,,,,,US,,,710,Individual,,,,,,,,,,,,,,
US,US,,,1,,,,,,,,US,,,711,Individual,,,,,,,,,,,,,,
US,US,,,1,,,,,,,,US,,,712,Individual,,,,,,,,,,,,,,
US,US,,,1,,,,,,,,US,,,713,Individual,,,,,,,,,,,,,,
US,US,,,1,,,,,,,,US,,,715,Individual,,,,,,,,,,,,,,
US,US,,,1,,,,,,,,US,,,716,Individual,,,,,,,,,,,,,,
US,US,,,1,,,,,,,,US,,,717,Individual,,,,,,,,,,,,,,
US,US,,,1,,,,,,,,US,,,718,Individual,,,,,,,,,,,,,,
US,US,,,1,,,,,,,,US,,,721,Individual,,,,,,,,,,,,,,
US,US,,,1,,,,,,,,US,,,722,Individual,,,,,,,,,,,,,,
US,US,,,1,,,,,,,,US,,,723,Individual,,,,,,,,,,,,,,
US,US,,,1,,,,,,,,US,,,725,Individual,,,,,,,,,,,,,,
US,US,,,1,,,,,,,,US,,,729,Individual,,,,,,,,,,,,,,
US,US,,,1,,,,,,,,US,,,730,Individual,,,,,,,,,,,,,,
US,US,,,1,,,,,,,,US,,,731,Individual,,,,,,,,,,,,,,
US,US,,,1,,,,,,,,US,,,732,Individual,,,,,,,,,,,,,,
US,US,,,1,,,,,,,,US,,,739,Individual,,,,,,,,,,,,,,
US,US,,,1,,,,,,,,US,,,741,Individual,,,,,,,,,,,,,,
US,US,,,1,,,,,,,,US,,,742,Individual,,,,,,,,,,,,,,
US,US,,,1,,,,,,,,US,,,743,Individual,,,,,,,,,,,,,,
US,US,,,1,,,,,,,,US,,,745,Individual,,,,,,,,,,,,,,
US,US,,,1,,,,,,,,US,,,746,Individual,,,,,,,,,,,,,,
US,US,,,1,,,,,,,,US,,,752,Individual,,,,,,,,,,,,,,
US,US,,,1,,,,,,,,US,,,756,Individual,,,,,,,,,,,,,,
US,US,,,1,,,,,,,,US,,,760,Individual,,,,,,,,,,,,,,
US,US,,,1,,,,,,,,US,,,762,Individual,,,,,,,,,,,,,,
US,US,,,1,,,,,,,,US,,,763,Individual,,,,,,,,,,,,,,
US,US,,,1,,,,,,,,US,,,766,Individual,,,,,,,,,,,,,,
US,US,,,1,,,,,,,,US,,,767,Individual,,,,,,,,,,,,,,
US,US,,,1,,,,,,,,US,,,771,Individual,,,,,,,,,,,,,,
US,US,,,1,,,,,,,,US,,,772,Individual,,,,,,,,,,,,,,
US,US,,,1,,,,,,,,US,,,774,Individual,,,,,,,,,,,,,,
US,US,,,1,,,,,,,,US,,,777,Individual,,,,,,,,,,,,,,
US,US,,,1,,,,,,,,US,,,778,Individual,,,,,,,,,,,,,,
US,US,,,1,,,,,,,,US,,,779,Individual,,,,,,,,,,,,,,
US,US,,,1,,,,,,,,US,,,782,Individual,,,,,,,,,,,,,,
US,US,,,1,,,,,,,,US,,,784,Individual,,,,,,,,,,,,,,
US,US,,,1,,,,,,,,US,,,786,Individual,,,,,,,,,,,,,,
US,US,,,1,,,,,,,,US,,,791,Individual,,,,,,,,,,,,,,
US,US,,,1,,,,,,,,US,,,793,Individual,,,,,,,,,,,,,,
US,US,,,1,,,,,,,,US,,,795,Individual,,,,,,,,,,,,,,
US,US,,,1,,,,,,,,US,,,797,Individual,,,,,,,,,,,,,,
US,US,,,1,,,,,,,,US,,,798,Individual,,,,,,,,,,,,,,
US,US,,,1,,,,,,,,US,,,799,Individual,,,,,,,,,,,,,,
US,US,,,1,,,,,,,,US,,,800,Individual,,,,,,,,,,,,,,
US,US,,,1,,,,,,,,US,,,804,Individual,,,,,,,,,,,,,,
US,US,,,1,,,,,,,,US,,,805,Individual,,,,,,,,,,,,,,
US,US,,,1,,,,,,,,US,,,806,Individual,,,,,,,,,,,,,,
US,US,,,1,,,,,,,,US,,,807,Individual,,,,,,,,,,,,,,
US,US,,,1,,,,,,,,US,,,808,Individual,,,,,,,,,,,,,,
US,US,,,1,,,,,,,,US,,,816,Individual,,,,,,,,,,,,,,
US,US,,,1,,,,,,,,US,,,818,Individual,,,,,,,,,,,,,,
US,US,,,1,,,,,,,,US,,,821,Individual,,,,,,,,,,,,,,
US,US,,,1,,,,,,,,US,,,822,Individual,,,,,,,,,,,,,,
US,US,,,1,,,,,,,,US,,,824,Individual,,,,,,,,,,,,,,
US,US,,,1,,,,,,,,US,,,829,Individual,,,,,,,,,,,,,,
US,US,,,1,,,,,,,,US,,,834,Individual,,,,,,,,,,,,,,
US,US,,,1,,,,,,,,US,,,836,Individual,,,,,,,,,,,,,,
US,US,,,1,,,,,,,,US,,,837,Individual,,,,,,,,,,,,,,
US,US,,,1,,,,,,,,US,,,838,Individual,,,,,,,,,,,,,,
US,US,,,1,,,,,,,,US,,,839,Individual,,,,,,,,,,,,,,
US,US,,,1,,,,,,,,US,,,842,Individual,,,,,,,,,,,,,,
US,US,,,1,,,,,,,,US,,,844,Individual,,,,,,,,,,,,,,
US,US,,,1,,,,,,,,US,,,850,Individual,,,,,,,,,,,,,,
US,US,,,1,,,,,,,,US,,,853,Individual,,,,,,,,,,,,,,
US,US,,,1,,,,,,,,US,,,856,Individual,,,,,,,,,,,,,,
US,US,,,1,,,,,,,,US,,,857,Individual,,,,,,,,,,,,,,
US,US,,,1,,,,,,,,US,,,858,Individual,,,,,,,,,,,,,,
US,US,,,1,,,,,,,,US,,,859,Individual,,,,,,,,,,,,,,
US,US,,,1,,,,,,,,US,,,860,Individual,,,,,,,,,,,,,,
US,US,,,1,,,,,,,,US,,,863,Individual,,,,,,,,,,,,,,
US,US,,,1,,,,,,,,US,,,864,Individual,,,,,,,,,,,,,,
US,US,,,1,,,,,,,,US,,,867,Individual,,,,,,,,,,,,,,
US,US,,,1,,,,,,,,US,,,871,Individual,,,,,,,,,,,,,,
US,US,,,1,,,,,,,,US,,,872,Individual,,,,,,,,,,,,,,
US,US,,,1,,,,,,,,US,,,874,Individual,,,,,,,,,,,,,,
US,US,,,1,,,,,,,,US,,,875,Individual,,,,,,,,,,,,,,
US,US,,,1,,,,,,,,US,,,885,Individual,,,,,,,,,,,,,,
US,US,,,1,,,,,,,,US,,,886,Individual,,,,,,,,,,,,,,
US,US,,,1,,,,,,,,US,,,887,Individual,,,,,,,,,,,,,,
US,US,,,1,,,,,,,,US,,,889,Individual,,,,,,,,,,,,,,
US,US,,,1,,,,,,,,US,,,891,Individual,,,,,,,,,,,,,,
US,US,,,1,,,,,,,,US,,,894,Individual,,,,,,,,,,,,,,
US,US,,,1,,,,,,,,US,,,895,Individual,,,,,,,,,,,,,,
US,US,,,1,,,,,,,,US,,,897,Individual,,,,,,,,,,,,,,
US,US,,,1,,,,,,,,US,,,898,Individual,,,,,,,,,,,,,,
US,US,,,1,,,,,,,,US,,,899,Individual,,,,,,,,,,,,,,
US,US,,,1,,,,,,,,US,,,900,Individual,,,,,,,,,,,,,,
US,US,,,1,,,,,,,,US,,,902,Individual,,,,,,,,,,,,,,
US,US,,,1,,,,,,,,US,,,903,Individual,,,,,,,,,,,,,,
US,US,,,1,,,,,,,,US,,,905,Individual,,,,,,,,,,,,,,
US,US,,,1,,,,,,,,US,,,906,Individual,,,,,,,,,,,,,,
US,US,,,1,,,,,,,,US,,,911,Individual,,,,,,,,,,,,,,
US,US,,,1,,,,,,,,US,,,913,Individual,,,,,,,,,,,,,,
US,US,,,1,,,,,,,,US,,,914,Individual,,,,,,,,,,,,,,
US,US,,,1,,,,,,,,US,,,918,Individual,,,,,,,,,,,,,,
US,US,,,1,,,,,,,,US,,,923,Individual,,,,,,,,,,,,,,
US,US,,,1,,,,,,,,US,,,925,Individual,,,,,,,,,,,,,,
US,US,,,1,,,,,,,,US,,,927,Individual,,,,,,,,,,,,,,
US,US,,,1,,,,,,,,US,,,928,Individual,,,,,,,,,,,,,,
US,US,,,1,,,,,,,,US,,,930,Individual,,,,,,,,,,,,,,
US,US,,,1,,,,,,,,US,,,932,Individual,,,,,,,,,,,,,,
US,US,,,1,,,,,,,,US,,,933,Individual,,,,,,,,,,,,,,
US,US,,,1,,,,,,,,US,,,937,Individual,,,,,,,,,,,,,,
US,US,,,1,,,,,,,,US,,,942,Individual,,,,,,,,,,,,,,
US,US,,,1,,,,,,,,US,,,946,Individual,,,,,,,,,,,,,,
US,US,,,1,,,,,,,,US,,,951,Individual,,,,,,,,,,,,,,
US,US,,,1,,,,,,,,US,,,952,Individual,,,,,,,,,,,,,,
US,US,,,1,,,,,,,,US,,,953,Individual,,,,,,,,,,,,,,
US,US,,,1,,,,,,,,US,,,955,Individual,,,,,,,,,,,,,,
US,US,,,1,,,,,,,,US,,,956,Individual,,,,,,,,,,,,,,
US,US,,,1,,,,,,,,US,,,957,Individual,,,,,,,,,,,,,,
US,US,,,1,,,,,,,,US,,,959,Individual,,,,,,,,,,,,,,
US,US,,,1,,,,,,,,US,,,961,Individual,,,,,,,,,,,,,,
US,US,,,1,,,,,,,,US,,,963,Individual,,,,,,,,,,,,,,
US,US,,,1,,,,,,,,US,,,965,Individual,,,,,,,,,,,,,,
US,US,,,1,,,,,,,,US,,,970,Individual,,,,,,,,,,,,,,
US,US,,,1,,,,,,,,US,,,974,Individual,,,,,,,,,,,,,,
US,US,,,1,,,,,,,,US,,,975,Individual,,,,,,,,,,,,,,
US,US,,,1,,,,,,,,US,,,978,Individual,,,,,,,,,,,,,,
US,US,,,1,,,,,,,,US,,,979,Individual,,,,,,,,,,,,,,
US,US,,,1,,,,,,,,US,,,987,Individual,,,,,,,,,,,,,,
US,US,,,1,,,,,,,,US,,,988,Individual,,,,,,,,,,,,,,
US,US,,,1,,,,,,,,US,,,990,Individual,,,,,,,,,,,,,,
US,US,,,1,,,,,,,,US,,,991,Individual,,,,,,,,,,,,,,
US,US,,,1,,,,,,,,US,,,992,Individual,,,,,,,,,,,,,,
US,US,,,1,,,,,,,,US,,,995,Individual,,,,,,,,,,,,,,
US,US,,,1,,,,,,,,US,,,996,Individual,,,,,,,,,,,,,,
US,US,,,1,,,,,,,,US,,,999,Individual,,,,,,,,,,,,,,
US,US,,,1,,,,,,,,US,,,1002,Individual,,,,,,,,,,,,,,
US,US,,,1,,,,,,,,US,,,1003,Individual,,,,,,,,,,,,,,
US,US,,,1,,,,,,,,US,,,1005,Individual,,,,,,,,,,,,,,
US,US,,,1,,,,,,,,US,,,1007,Individual,,,,,,,,,,,,,,
US,US,,,1,,,,,,,,US,,,1008,Individual,,,,,,,,,,,,,,
US,US,,,1,,,,,,,,US,,,1010,Individual,,,,,,,,,,,,,,
US,US,,,1,,,,,,,,US,,,1011,Individual,,,,,,,,,,,,,,
US,US,,,1,,,,,,,,US,,,1016,Individual,,,,,,,,,,,,,,
US,US,,,1,,,,,,,,US,,,1018,Individual,,,,,,,,,,,,,,
US,US,,,1,,,,,,,,US,,,1020,Individual,,,,,,,,,,,,,,
US,US,,,1,,,,,,,,US,,,1021,Individual,,,,,,,,,,,,,,
US,US,,,1,,,,,,,,US,,,1023,Individual,,,,,,,,,,,,,,
US,US,,,1,,,,,,,,US,,,1025,Individual,,,,,,,,,,,,,,
US,US,,,1,,,,,,,,US,,,1027,Individual,,,,,,,,,,,,,,
US,US,,,1,,,,,,,,US,,,1029,Individual,,,,,,,,,,,,,,
US,US,,,1,,,,,,,,US,,,1030,Individual,,,,,,,,,,,,,,
US,US,,,1,,,,,,,,US,,,1031,Individual,,,,,,,,,,,,,,
US,US,,,1,,,,,,,,US,,,1033,Individual,,,,,,,,,,,,,,
US,US,,,1,,,,,,,,US,,,1034,Individual,,,,,,,,,,,,,,
US,US,,,1,,,,,,,,US,,,1035,Individual,,,,,,,,,,,,,,
US,US,,,1,,,,,,,,US,,,1036,Individual,,,,,,,,,,,,,,
US,US,,,1,,,,,,,,US,,,1037,Individual,,,,,,,,,,,,,,
US,US,,,1,,,,,,,,US,,,1038,Individual,,,,,,,,,,,,,,
US,US,,,1,,,,,,,,US,,,1039,Individual,,,,,,,,,,,,,,
US,US,,,1,,,,,,,,US,,,1041,Individual,,,,,,,,,,,,,,
US,US,,,1,,,,,,,,US,,,1042,Individual,,,,,,,,,,,,,,
US,US,,,1,,,,,,,,US,,,1050,Individual,,,,,,,,,,,,,,
US,US,,,1,,,,,,,,US,,,1056,Individual,,,,,,,,,,,,,,
US,US,,,1,,,,,,,,US,,,1058,Individual,,,,,,,,,,,,,,
US,US,,,1,,,,,,,,US,,,1060,Individual,,,,,,,,,,,,,,
US,US,,,1,,,,,,,,US,,,1063,Individual,,,,,,,,,,,,,,
US,US,,,1,,,,,,,,US,,,1064,Individual,,,,,,,,,,,,,,
US,US,,,1,,,,,,,,US,,,1065,Individual,,,,,,,,,,,,,,
US,US,,,1,,,,,,,,US,,,1067,Individual,,,,,,,,,,,,,,
US,US,,,1,,,,,,,,US,,,1071,Individual,,,,,,,,,,,,,,
US,US,,,1,,,,,,,,US,,,1072,Individual,,,,,,,,,,,,,,
US,US,,,1,,,,,,,,US,,,1073,Individual,,,,,,,,,,,,,,
US,US,,,1,,,,,,,,US,,,1074,Individual,,,,,,,,,,,,,,
US,US,,,1,,,,,,,,US,,,1076,Individual,,,,,,,,,,,,,,
US,US,,,1,,,,,,,,US,,,1080,Individual,,,,,,,,,,,,,,
US,US,,,1,,,,,,,,US,,,1081,Individual,,,,,,,,,,,,,,
US,US,,,1,,,,,,,,US,,,1082,Individual,,,,,,,,,,,,,,
US,US,,,1,,,,,,,,US,,,1083,Individual,,,,,,,,,,,,,,
US,US,,,1,,,,,,,,US,,,1084,Individual,,,,,,,,,,,,,,
US,US,,,1,,,,,,,,US,,,1085,Individual,,,,,,,,,,,,,,
US,US,,,1,,,,,,,,US,,,1087,Individual,,,,,,,,,,,,,,
US,US,,,1,,,,,,,,US,,,1089,Individual,,,,,,,,,,,,,,
US,US,,,1,,,,,,,,US,,,1099,Individual,,,,,,,,,,,,,,
US,US,,,1,,,,,,,,US,,,1102,Individual,,,,,,,,,,,,,,
US,US,,,1,,,,,,,,US,,,1103,Individual,,,,,,,,,,,,,,
US,US,,,1,,,,,,,,US,,,1104,Individual,,,,,,,,,,,,,,
US,US,,,1,,,,,,,,US,,,1107,Individual,,,,,,,,,,,,,,
US,US,,,1,,,,,,,,US,,,1110,Individual,,,,,,,,,,,,,,
US,US,,,1,,,,,,,,US,,,1114,Individual,,,,,,,,,,,,,,
US,US,,,1,,,,,,,,US,,,1115,Individual,,,,,,,,,,,,,,
US,US,,,1,,,,,,,,US,,,1116,Individual,,,,,,,,,,,,,,
US,US,,,1,,,,,,,,US,,,1118,Individual,,,,,,,,,,,,,,
US,US,,,1,,,,,,,,US,,,1122,Individual,,,,,,,,,,,,,,
US,US,,,1,,,,,,,,US,,,1126,Individual,,,,,,,,,,,,,,
US,US,,,1,,,,,,,,US,,,1127,Individual,,,,,,,,,,,,,,
US,US,,,1,,,,,,,,US,,,1128,Individual,,,,,,,,,,,,,,
US,US,,,1,,,,,,,,US,,,1131,Individual,,,,,,,,,,,,,,
US,US,,,1,,,,,,,,US,,,1132,Individual,,,,,,,,,,,,,,
US,US,,,1,,,,,,,,US,,,1133,Individual,,,,,,,,,,,,,,
US,US,,,1,,,,,,,,US,,,1137,Individual,,,,,,,,,,,,,,
US,US,,,1,,,,,,,,US,,,1139,Individual,,,,,,,,,,,,,,
US,US,,,1,,,,,,,,US,,,1141,Individual,,,,,,,,,,,,,,
US,US,,,1,,,,,,,,US,,,1145,Individual,,,,,,,,,,,,,,
US,US,,,1,,,,,,,,US,,,1146,Individual,,,,,,,,,,,,,,
US,US,,,1,,,,,,,,US,,,1149,Individual,,,,,,,,,,,,,,
US,US,,,1,,,,,,,,US,,,1151,Individual,,,,,,,,,,,,,,
US,US,,,1,,,,,,,,US,,,1152,Individual,,,,,,,,,,,,,,
US,US,,,1,,,,,,,,US,,,1157,Individual,,,,,,,,,,,,,,
US,US,,,1,,,,,,,,US,,,1159,Individual,,,,,,,,,,,,,,
US,US,,,1,,,,,,,,US,,,1160,Individual,,,,,,,,,,,,,,
US,US,,,1,,,,,,,,US,,,1162,Individual,,,,,,,,,,,,,,
US,US,,,1,,,,,,,,US,,,1163,Individual,,,,,,,,,,,,,,
US,US,,,1,,,,,,,,US,,,1165,Individual,,,,,,,,,,,,,,
US,US,,,1,,,,,,,,US,,,1166,Individual,,,,,,,,,,,,,,
US,US,,,1,,,,,,,,US,,,1168,Individual,,,,,,,,,,,,,,
US,US,,,1,,,,,,,,US,,,1170,Individual,,,,,,,,,,,,,,
US,US,,,1,,,,,,,,US,,,1172,Individual,,,,,,,,,,,,,,
US,US,,,1,,,,,,,,US,,,1173,Individual,,,,,,,,,,,,,,
US,US,,,1,,,,,,,,US,,,1174,Individual,,,,,,,,,,,,,,
US,US,,,1,,,,,,,,US,,,1175,Individual,,,,,,,,,,,,,,
US,US,,,1,,,,,,,,US,,,1176,Individual,,,,,,,,,,,,,,
US,US,,,1,,,,,,,,US,,,1177,Individual,,,,,,,,,,,,,,
US,US,,,1,,,,,,,,US,,,1179,Individual,,,,,,,,,,,,,,
US,US,,,1,,,,,,,,US,,,1182,Individual,,,,,,,,,,,,,,
US,US,,,1,,,,,,,,US,,,1185,Individual,,,,,,,,,,,,,,
US,US,,,1,,,,,,,,US,,,1186,Individual,,,,,,,,,,,,,,
US,US,,,1,,,,,,,,US,,,1187,Individual,,,,,,,,,,,,,,
US,US,,,1,,,,,,,,US,,,1188,Individual,,,,,,,,,,,,,,
US,US,,,1,,,,,,,,US,,,1191,Individual,,,,,,,,,,,,,,
US,US,,,1,,,,,,,,US,,,1193,Individual,,,,,,,,,,,,,,
US,US,,,1,,,,,,,,US,,,1200,Individual,,,,,,,,,,,,,,
US,US,,,1,,,,,,,,US,,,1204,Individual,,,,,,,,,,,,,,
US,US,,,1,,,,,,,,US,,,1205,Individual,,,,,,,,,,,,,,
US,US,,,1,,,,,,,,US,,,1206,Individual,,,,,,,,,,,,,,
US,US,,,1,,,,,,,,US,,,1209,Individual,,,,,,,,,,,,,,
US,US,,,1,,,,,,,,US,,,1210,Individual,,,,,,,,,,,,,,
US,US,,,1,,,,,,,,US,,,1213,Individual,,,,,,,,,,,,,,
US,US,,,1,,,,,,,,US,,,1214,Individual,,,,,,,,,,,,,,
US,US,,,1,,,,,,,,US,,,1215,Individual,,,,,,,,,,,,,,
US,US,,,1,,,,,,,,US,,,1217,Individual,,,,,,,,,,,,,,
US,US,,,1,,,,,,,,US,,,1218,Individual,,,,,,,,,,,,,,
US,US,,,1,,,,,,,,US,,,1221,Individual,,,,,,,,,,,,,,
US,US,,,1,,,,,,,,US,,,1222,Individual,,,,,,,,,,,,,,
US,US,,,1,,,,,,,,US,,,1224,Individual,,,,,,,,,,,,,,
US,US,,,1,,,,,,,,US,,,1227,Individual,,,,,,,,,,,,,,
US,US,,,1,,,,,,,,US,,,1228,Individual,,,,,,,,,,,,,,
US,US,,,1,,,,,,,,US,,,1230,Individual,,,,,,,,,,,,,,
US,US,,,1,,,,,,,,US,,,1231,Individual,,,,,,,,,,,,,,
US,US,,,1,,,,,,,,US,,,1232,Individual,,,,,,,,,,,,,,
US,US,,,1,,,,,,,,US,,,1233,Individual,,,,,,,,,,,,,,
US,US,,,1,,,,,,,,US,,,1235,Individual,,,,,,,,,,,,,,
US,US,,,1,,,,,,,,US,,,1237,Individual,,,,,,,,,,,,,,
US,US,,,1,,,,,,,,US,,,1239,Individual,,,,,,,,,,,,,,
US,US,,,1,,,,,,,,US,,,1240,Individual,,,,,,,,,,,,,,
US,US,,,1,,,,,,,,US,,,1241,Individual,,,,,,,,,,,,,,
US,US,,,1,,,,,,,,US,,,1244,Individual,,,,,,,,,,,,,,
US,US,,,1,,,,,,,,US,,,1246,Individual,,,,,,,,,,,,,,
US,US,,,1,,,,,,,,US,,,1247,Individual,,,,,,,,,,,,,,
US,US,,,1,,,,,,,,US,,,1251,Individual,,,,,,,,,,,,,,
US,US,,,1,,,,,,,,US,,,1252,Individual,,,,,,,,,,,,,,
US,US,,,1,,,,,,,,US,,,1253,Individual,,,,,,,,,,,,,,
US,US,,,1,,,,,,,,US,,,1254,Individual,,,,,,,,,,,,,,
US,US,,,1,,,,,,,,US,,,1256,Individual,,,,,,,,,,,,,,
US,US,,,1,,,,,,,,US,,,1259,Individual,,,,,,,,,,,,,,
US,US,,,1,,,,,,,,US,,,1260,Individual,,,,,,,,,,,,,,
US,US,,,1,,,,,,,,US,,,1261,Individual,,,,,,,,,,,,,,
US,US,,,1,,,,,,,,US,,,1263,Individual,,,,,,,,,,,,,,
US,US,,,1,,,,,,,,US,,,1264,Individual,,,,,,,,,,,,,,
US,US,,,1,,,,,,,,US,,,1267,Individual,,,,,,,,,,,,,,
US,US,,,1,,,,,,,,US,,,1268,Individual,,,,,,,,,,,,,,
US,US,,,1,,,,,,,,US,,,1271,Individual,,,,,,,,,,,,,,
US,US,,,1,,,,,,,,US,,,1272,Individual,,,,,,,,,,,,,,
US,US,,,1,,,,,,,,US,,,1273,Individual,,,,,,,,,,,,,,
US,US,,,1,,,,,,,,US,,,1274,Individual,,,,,,,,,,,,,,
US,US,,,1,,,,,,,,US,,,1282,Individual,,,,,,,,,,,,,,
US,US,,,1,,,,,,,,US,,,1284,Individual,,,,,,,,,,,,,,
US,US,,,1,,,,,,,,US,,,1286,Individual,,,,,,,,,,,,,,
US,US,,,1,,,,,,,,US,,,1287,Individual,,,,,,,,,,,,,,
US,US,,,1,,,,,,,,US,,,1288,Individual,,,,,,,,,,,,,,
US,US,,,1,,,,,,,,US,,,1290,Individual,,,,,,,,,,,,,,
US,US,,,1,,,,,,,,US,,,1291,Individual,,,,,,,,,,,,,,
US,US,,,1,,,,,,,,US,,,1293,Individual,,,,,,,,,,,,,,
US,US,,,1,,,,,,,,US,,,1297,Individual,,,,,,,,,,,,,,
US,US,,,1,,,,,,,,US,,,1298,Individual,,,,,,,,,,,,,,
US,US,,,1,,,,,,,,US,,,1299,Individual,,,,,,,,,,,,,,
US,US,,,1,,,,,,,,US,,,1302,Individual,,,,,,,,,,,,,,
US,US,,,1,,,,,,,,US,,,1303,Individual,,,,,,,,,,,,,,
US,US,,,1,,,,,,,,US,,,1305,Individual,,,,,,,,,,,,,,
US,US,,,1,,,,,,,,US,,,1306,Individual,,,,,,,,,,,,,,
US,US,,,1,,,,,,,,US,,,1307,Individual,,,,,,,,,,,,,,
US,US,,,1,,,,,,,,US,,,1310,Individual,,,,,,,,,,,,,,
US,US,,,1,,,,,,,,US,,,1312,Individual,,,,,,,,,,,,,,
US,US,,,1,,,,,,,,US,,,1313,Individual,,,,,,,,,,,,,,
US,US,,,1,,,,,,,,US,,,1314,Individual,,,,,,,,,,,,,,
US,US,,,1,,,,,,,,US,,,1316,Individual,,,,,,,,,,,,,,
US,US,,,1,,,,,,,,US,,,1318,Individual,,,,,,,,,,,,,,
US,US,,,1,,,,,,,,US,,,1319,Individual,,,,,,,,,,,,,,
US,US,,,1,,,,,,,,US,,,1322,Individual,,,,,,,,,,,,,,
US,US,,,1,,,,,,,,US,,,1324,Individual,,,,,,,,,,,,,,
US,US,,,1,,,,,,,,US,,,1325,Individual,,,,,,,,,,,,,,
US,US,,,1,,,,,,,,US,,,1326,Individual,,,,,,,,,,,,,,
US,US,,,1,,,,,,,,US,,,1327,Individual,,,,,,,,,,,,,,
US,US,,,1,,,,,,,,US,,,1328,Individual,,,,,,,,,,,,,,
US,US,,,1,,,,,,,,US,,,1330,Individual,,,,,,,,,,,,,,
US,US,,,1,,,,,,,,US,,,1331,Individual,,,,,,,,,,,,,,
US,US,,,1,,,,,,,,US,,,1335,Individual,,,,,,,,,,,,,,
US,US,,,1,,,,,,,,US,,,1336,Individual,,,,,,,,,,,,,,
US,US,,,1,,,,,,,,US,,,1339,Individual,,,,,,,,,,,,,,
US,US,,,1,,,,,,,,US,,,1341,Individual,,,,,,,,,,,,,,
US,US,,,1,,,,,,,,US,,,1345,Individual,,,,,,,,,,,,,,
US,US,,,1,,,,,,,,US,,,1347,Individual,,,,,,,,,,,,,,
US,US,,,1,,,,,,,,US,,,1348,Individual,,,,,,,,,,,,,,
US,US,,,1,,,,,,,,US,,,1350,Individual,,,,,,,,,,,,,,
US,US,,,1,,,,,,,,US,,,1351,Individual,,,,,,,,,,,,,,
US,US,,,1,,,,,,,,US,,,1356,Individual,,,,,,,,,,,,,,
US,US,,,1,,,,,,,,US,,,1359,Individual,,,,,,,,,,,,,,
US,US,,,1,,,,,,,,US,,,1361,Individual,,,,,,,,,,,,,,
US,US,,,1,,,,,,,,US,,,1364,Individual,,,,,,,,,,,,,,
US,US,,,1,,,,,,,,US,,,1369,Individual,,,,,,,,,,,,,,
US,US,,,1,,,,,,,,US,,,1374,Individual,,,,,,,,,,,,,,
US,US,,,1,,,,,,,,US,,,1375,Individual,,,,,,,,,,,,,,
US,US,,,1,,,,,,,,US,,,1376,Individual,,,,,,,,,,,,,,
US,US,,,1,,,,,,,,US,,,1378,Individual,,,,,,,,,,,,,,
US,US,,,1,,,,,,,,US,,,1379,Individual,,,,,,,,,,,,,,
US,US,,,1,,,,,,,,US,,,1380,Individual,,,,,,,,,,,,,,
US,US,,,1,,,,,,,,US,,,1382,Individual,,,,,,,,,,,,,,
US,US,,,1,,,,,,,,US,,,1386,Individual,,,,,,,,,,,,,,
US,US,,,1,,,,,,,,US,,,1387,Individual,,,,,,,,,,,,,,
US,US,,,1,,,,,,,,US,,,1388,Individual,,,,,,,,,,,,,,
US,US,,,1,,,,,,,,US,,,1389,Individual,,,,,,,,,,,,,,
US,US,,,1,,,,,,,,US,,,1390,Individual,,,,,,,,,,,,,,
US,US,,,1,,,,,,,,US,,,1392,Individual,,,,,,,,,,,,,,
US,US,,,1,,,,,,,,US,,,1394,Individual,,,,,,,,,,,,,,
US,US,,,1,,,,,,,,US,,,1396,Individual,,,,,,,,,,,,,,
US,US,,,1,,,,,,,,US,,,1397,Individual,,,,,,,,,,,,,,
US,US,,,1,,,,,,,,US,,,1401,Individual,,,,,,,,,,,,,,
US,US,,,1,,,,,,,,US,,,1402,Individual,,,,,,,,,,,,,,
US,US,,,1,,,,,,,,US,,,1404,Individual,,,,,,,,,,,,,,
US,US,,,1,,,,,,,,US,,,1406,Individual,,,,,,,,,,,,,,
US,US,,,1,,,,,,,,US,,,1409,Individual,,,,,,,,,,,,,,
US,US,,,1,,,,,,,,US,,,1412,Individual,,,,,,,,,,,,,,
US,US,,,1,,,,,,,,US,,,1413,Individual,,,,,,,,,,,,,,
US,US,,,1,,,,,,,,US,,,1415,Individual,,,,,,,,,,,,,,
US,US,,,1,,,,,,,,US,,,1417,Individual,,,,,,,,,,,,,,
US,US,,,1,,,,,,,,US,,,1418,Individual,,,,,,,,,,,,,,
US,US,,,1,,,,,,,,US,,,1419,Individual,,,,,,,,,,,,,,
US,US,,,1,,,,,,,,US,,,1420,Individual,,,,,,,,,,,,,,
US,US,,,1,,,,,,,,US,,,1421,Individual,,,,,,,,,,,,,,
US,US,,,1,,,,,,,,US,,,1423,Individual,,,,,,,,,,,,,,
US,US,,,1,,,,,,,,US,,,1425,Individual,,,,,,,,,,,,,,
US,US,,,1,,,,,,,,US,,,1426,Individual,,,,,,,,,,,,,,
US,US,,,1,,,,,,,,US,,,1427,Individual,,,,,,,,,,,,,,
US,US,,,1,,,,,,,,US,,,1429,Individual,,,,,,,,,,,,,,
US,US,,,1,,,,,,,,US,,,1430,Individual,,,,,,,,,,,,,,
US,US,,,1,,,,,,,,US,,,1431,Individual,,,,,,,,,,,,,,
US,US,,,1,,,,,,,,US,,,1432,Individual,,,,,,,,,,,,,,
US,US,,,1,,,,,,,,US,,,1433,Individual,,,,,,,,,,,,,,
US,US,,,1,,,,,,,,US,,,1434,Individual,,,,,,,,,,,,,,
US,US,,,1,,,,,,,,US,,,1440,Individual,,,,,,,,,,,,,,
US,US,,,1,,,,,,,,US,,,1443,Individual,,,,,,,,,,,,,,
