birthPlaceCountry,countryOfIncorporation,countryOfResidency,deathTime,firstName,isActive,lastName,legalName,listedCompany,maritalStatus,middleName,name,nameAlias,nationality,occupation,organizationSymbol,partyId,partyType,sourceOfIncome,title,website,gender,homePhone,alternatePhone,cellPhone,primaryPhone,workPhone,alternateEmail,companyEmail,personalEmail,workEmail,isIndividual
US,US,US,,,,,,,,,,,US,,,0,Organization,,,,,,,,,,,,,,False
US,US,US,,,,,,,,,,,US,,,1,Organization,,,,,,,,,,,,,,False
US,US,US,,,,,,,,,,,US,,,4,Organization,,,,,,,,,,,,,,False
US,US,US,,,,,,,,,,,US,,,6,Organization,,,,,,,,,,,,,,False
US,US,US,,,,,,,,,,,US,,,7,Organization,,,,,,,,,,,,,,False
US,US,US,,,,,,,,,,,US,,,8,Organization,,,,,,,,,,,,,,False
US,US,US,,,,,,,,,,,US,,,11,Organization,,,,,,,,,,,,,,False
US,US,US,,,,,,,,,,,US,,,12,Organization,,,,,,,,,,,,,,False
US,US,US,,,,,,,,,,,US,,,13,Organization,,,,,,,,,,,,,,False
US,US,US,,,,,,,,,,,US,,,17,Organization,,,,,,,,,,,,,,False
US,US,US,,,,,,,,,,,US,,,19,Organization,,,,,,,,,,,,,,False
US,US,US,,,,,,,,,,,US,,,21,Organization,,,,,,,,,,,,,,False
US,US,US,,,,,,,,,,,US,,,22,Organization,,,,,,,,,,,,,,False
US,US,US,,,,,,,,,,,US,,,24,Organization,,,,,,,,,,,,,,False
US,US,US,,,,,,,,,,,US,,,25,Organization,,,,,,,,,,,,,,False
US,US,US,,,,,,,,,,,US,,,26,Organization,,,,,,,,,,,,,,False
US,US,US,,,,,,,,,,,US,,,29,Organization,,,,,,,,,,,,,,False
US,US,US,,,,,,,,,,,US,,,30,Organization,,,,,,,,,,,,,,False
US,US,US,,,,,,,,,,,US,,,32,Organization,,,,,,,,,,,,,,False
US,US,US,,,,,,,,,,,US,,,36,Organization,,,,,,,,,,,,,,False
US,US,US,,,,,,,,,,,US,,,39,Organization,,,,,,,,,,,,,,False
US,US,US,,,,,,,,,,,US,,,41,Organization,,,,,,,,,,,,,,False
US,US,US,,,,,,,,,,,US,,,43,Organization,,,,,,,,,,,,,,False
US,US,US,,,,,,,,,,,US,,,44,Organization,,,,,,,,,,,,,,False
US,US,US,,,,,,,,,,,US,,,48,Organization,,,,,,,,,,,,,,False
US,US,US,,,,,,,,,,,US,,,55,Organization,,,,,,,,,,,,,,False
US,US,US,,,,,,,,,,,US,,,57,Organization,,,,,,,,,,,,,,False
US,US,US,,,,,,,,,,,US,,,59,Organization,,,,,,,,,,,,,,False
US,US,US,,,,,,,,,,,US,,,60,Organization,,,,,,,,,,,,,,False
US,US,US,,,,,,,,,,,US,,,61,Organization,,,,,,,,,,,,,,False
US,US,US,,,,,,,,,,,US,,,65,Organization,,,,,,,,,,,,,,False
US,US,US,,,,,,,,,,,US,,,66,Organization,,,,,,,,,,,,,,False
US,US,US,,,,,,,,,,,US,,,67,Organization,,,,,,,,,,,,,,False
US,US,US,,,,,,,,,,,US,,,68,Organization,,,,,,,,,,,,,,False
US,US,US,,,,,,,,,,,US,,,70,Organization,,,,,,,,,,,,,,False
US,US,US,,,,,,,,,,,US,,,73,Organization,,,,,,,,,,,,,,False
US,US,US,,,,,,,,,,,US,,,76,Organization,,,,,,,,,,,,,,False
US,US,US,,,,,,,,,,,US,,,77,Organization,,,,,,,,,,,,,,False
US,US,US,,,,,,,,,,,US,,,80,Organization,,,,,,,,,,,,,,False
US,US,US,,,,,,,,,,,US,,,81,Organization,,,,,,,,,,,,,,False
US,US,US,,,,,,,,,,,US,,,84,Organization,,,,,,,,,,,,,,False
US,US,US,,,,,,,,,,,US,,,87,Organization,,,,,,,,,,,,,,False
US,US,US,,,,,,,,,,,US,,,92,Organization,,,,,,,,,,,,,,False
US,US,US,,,,,,,,,,,US,,,93,Organization,,,,,,,,,,,,,,False
US,US,US,,,,,,,,,,,US,,,95,Organization,,,,,,,,,,,,,,False
US,US,US,,,,,,,,,,,US,,,96,Organization,,,,,,,,,,,,,,False
US,US,US,,,,,,,,,,,US,,,99,Organization,,,,,,,,,,,,,,False
US,US,US,,,,,,,,,,,US,,,103,Organization,,,,,,,,,,,,,,False
US,US,US,,,,,,,,,,,US,,,104,Organization,,,,,,,,,,,,,,False
US,US,US,,,,,,,,,,,US,,,106,Organization,,,,,,,,,,,,,,False
US,US,US,,,,,,,,,,,US,,,110,Organization,,,,,,,,,,,,,,False
US,US,US,,,,,,,,,,,US,,,112,Organization,,,,,,,,,,,,,,False
US,US,US,,,,,,,,,,,US,,,115,Organization,,,,,,,,,,,,,,False
US,US,US,,,,,,,,,,,US,,,118,Organization,,,,,,,,,,,,,,False
US,US,US,,,,,,,,,,,US,,,120,Organization,,,,,,,,,,,,,,False
US,US,US,,,,,,,,,,,US,,,122,Organization,,,,,,,,,,,,,,False
US,US,US,,,,,,,,,,,US,,,124,Organization,,,,,,,,,,,,,,False
US,US,US,,,,,,,,,,,US,,,125,Organization,,,,,,,,,,,,,,False
US,US,US,,,,,,,,,,,US,,,126,Organization,,,,,,,,,,,,,,False
US,US,US,,,,,,,,,,,US,,,127,Organization,,,,,,,,,,,,,,False
US,US,US,,,,,,,,,,,US,,,131,Organization,,,,,,,,,,,,,,False
US,US,US,,,,,,,,,,,US,,,132,Organization,,,,,,,,,,,,,,False
US,US,US,,,,,,,,,,,US,,,133,Organization,,,,,,,,,,,,,,False
US,US,US,,,,,,,,,,,US,,,135,Organization,,,,,,,,,,,,,,False
US,US,US,,,,,,,,,,,US,,,137,Organization,,,,,,,,,,,,,,False
US,US,US,,,,,,,,,,,US,,,138,Organization,,,,,,,,,,,,,,False
US,US,US,,,,,,,,,,,US,,,139,Organization,,,,,,,,,,,,,,False
US,US,US,,,,,,,,,,,US,,,140,Organization,,,,,,,,,,,,,,False
US,US,US,,,,,,,,,,,US,,,142,Organization,,,,,,,,,,,,,,False
US,US,US,,,,,,,,,,,US,,,144,Organization,,,,,,,,,,,,,,False
US,US,US,,,,,,,,,,,US,,,148,Organization,,,,,,,,,,,,,,False
US,US,US,,,,,,,,,,,US,,,150,Organization,,,,,,,,,,,,,,False
US,US,US,,,,,,,,,,,US,,,151,Organization,,,,,,,,,,,,,,False
US,US,US,,,,,,,,,,,US,,,154,Organization,,,,,,,,,,,,,,False
US,US,US,,,,,,,,,,,US,,,161,Organization,,,,,,,,,,,,,,False
US,US,US,,,,,,,,,,,US,,,164,Organization,,,,,,,,,,,,,,False
US,US,US,,,,,,,,,,,US,,,166,Organization,,,,,,,,,,,,,,False
US,US,US,,,,,,,,,,,US,,,170,Organization,,,,,,,,,,,,,,False
US,US,US,,,,,,,,,,,US,,,171,Organization,,,,,,,,,,,,,,False
US,US,US,,,,,,,,,,,US,,,172,Organization,,,,,,,,,,,,,,False
US,US,US,,,,,,,,,,,US,,,174,Organization,,,,,,,,,,,,,,False
US,US,US,,,,,,,,,,,US,,,177,Organization,,,,,,,,,,,,,,False
US,US,US,,,,,,,,,,,US,,,179,Organization,,,,,,,,,,,,,,False
US,US,US,,,,,,,,,,,US,,,182,Organization,,,,,,,,,,,,,,False
US,US,US,,,,,,,,,,,US,,,183,Organization,,,,,,,,,,,,,,False
US,US,US,,,,,,,,,,,US,,,185,Organization,,,,,,,,,,,,,,False
US,US,US,,,,,,,,,,,US,,,189,Organization,,,,,,,,,,,,,,False
US,US,US,,,,,,,,,,,US,,,190,Organization,,,,,,,,,,,,,,False
US,US,US,,,,,,,,,,,US,,,191,Organization,,,,,,,,,,,,,,False
US,US,US,,,,,,,,,,,US,,,192,Organization,,,,,,,,,,,,,,False
US,US,US,,,,,,,,,,,US,,,194,Organization,,,,,,,,,,,,,,False
US,US,US,,,,,,,,,,,US,,,196,Organization,,,,,,,,,,,,,,False
US,US,US,,,,,,,,,,,US,,,197,Organization,,,,,,,,,,,,,,False
US,US,US,,,,,,,,,,,US,,,198,Organization,,,,,,,,,,,,,,False
US,US,US,,,,,,,,,,,US,,,199,Organization,,,,,,,,,,,,,,False
US,US,US,,,,,,,,,,,US,,,200,Organization,,,,,,,,,,,,,,False
US,US,US,,,,,,,,,,,US,,,201,Organization,,,,,,,,,,,,,,False
US,US,US,,,,,,,,,,,US,,,202,Organization,,,,,,,,,,,,,,False
US,US,US,,,,,,,,,,,US,,,207,Organization,,,,,,,,,,,,,,False
US,US,US,,,,,,,,,,,US,,,208,Organization,,,,,,,,,,,,,,False
US,US,US,,,,,,,,,,,US,,,210,Organization,,,,,,,,,,,,,,False
US,US,US,,,,,,,,,,,US,,,211,Organization,,,,,,,,,,,,,,False
US,US,US,,,,,,,,,,,US,,,212,Organization,,,,,,,,,,,,,,False
US,US,US,,,,,,,,,,,US,,,213,Organization,,,,,,,,,,,,,,False
US,US,US,,,,,,,,,,,US,,,214,Organization,,,,,,,,,,,,,,False
US,US,US,,,,,,,,,,,US,,,215,Organization,,,,,,,,,,,,,,False
US,US,US,,,,,,,,,,,US,,,217,Organization,,,,,,,,,,,,,,False
US,US,US,,,,,,,,,,,US,,,218,Organization,,,,,,,,,,,,,,False
US,US,US,,,,,,,,,,,US,,,222,Organization,,,,,,,,,,,,,,False
US,US,US,,,,,,,,,,,US,,,224,Organization,,,,,,,,,,,,,,False
US,US,US,,,,,,,,,,,US,,,226,Organization,,,,,,,,,,,,,,False
US,US,US,,,,,,,,,,,US,,,227,Organization,,,,,,,,,,,,,,False
US,US,US,,,,,,,,,,,US,,,228,Organization,,,,,,,,,,,,,,False
US,US,US,,,,,,,,,,,US,,,229,Organization,,,,,,,,,,,,,,False
US,US,US,,,,,,,,,,,US,,,231,Organization,,,,,,,,,,,,,,False
US,US,US,,,,,,,,,,,US,,,232,Organization,,,,,,,,,,,,,,False
US,US,US,,,,,,,,,,,US,,,233,Organization,,,,,,,,,,,,,,False
US,US,US,,,,,,,,,,,US,,,237,Organization,,,,,,,,,,,,,,False
US,US,US,,,,,,,,,,,US,,,242,Organization,,,,,,,,,,,,,,False
US,US,US,,,,,,,,,,,US,,,246,Organization,,,,,,,,,,,,,,False
US,US,US,,,,,,,,,,,US,,,247,Organization,,,,,,,,,,,,,,False
US,US,US,,,,,,,,,,,US,,,248,Organization,,,,,,,,,,,,,,False
US,US,US,,,,,,,,,,,US,,,252,Organization,,,,,,,,,,,,,,False
US,US,US,,,,,,,,,,,US,,,253,Organization,,,,,,,,,,,,,,False
US,US,US,,,,,,,,,,,US,,,259,Organization,,,,,,,,,,,,,,False
US,US,US,,,,,,,,,,,US,,,260,Organization,,,,,,,,,,,,,,False
US,US,US,,,,,,,,,,,US,,,264,Organization,,,,,,,,,,,,,,False
US,US,US,,,,,,,,,,,US,,,266,Organization,,,,,,,,,,,,,,False
US,US,US,,,,,,,,,,,US,,,269,Organization,,,,,,,,,,,,,,False
US,US,US,,,,,,,,,,,US,,,270,Organization,,,,,,,,,,,,,,False
US,US,US,,,,,,,,,,,US,,,271,Organization,,,,,,,,,,,,,,False
US,US,US,,,,,,,,,,,US,,,273,Organization,,,,,,,,,,,,,,False
US,US,US,,,,,,,,,,,US,,,274,Organization,,,,,,,,,,,,,,False
US,US,US,,,,,,,,,,,US,,,275,Organization,,,,,,,,,,,,,,False
US,US,US,,,,,,,,,,,US,,,276,Organization,,,,,,,,,,,,,,False
US,US,US,,,,,,,,,,,US,,,277,Organization,,,,,,,,,,,,,,False
US,US,US,,,,,,,,,,,US,,,279,Organization,,,,,,,,,,,,,,False
US,US,US,,,,,,,,,,,US,,,281,Organization,,,,,,,,,,,,,,False
US,US,US,,,,,,,,,,,US,,,282,Organization,,,,,,,,,,,,,,False
US,US,US,,,,,,,,,,,US,,,283,Organization,,,,,,,,,,,,,,False
US,US,US,,,,,,,,,,,US,,,284,Organization,,,,,,,,,,,,,,False
US,US,US,,,,,,,,,,,US,,,286,Organization,,,,,,,,,,,,,,False
US,US,US,,,,,,,,,,,US,,,287,Organization,,,,,,,,,,,,,,False
US,US,US,,,,,,,,,,,US,,,288,Organization,,,,,,,,,,,,,,False
US,US,US,,,,,,,,,,,US,,,290,Organization,,,,,,,,,,,,,,False
US,US,US,,,,,,,,,,,US,,,293,Organization,,,,,,,,,,,,,,False
US,US,US,,,,,,,,,,,US,,,294,Organization,,,,,,,,,,,,,,False
US,US,US,,,,,,,,,,,US,,,297,Organization,,,,,,,,,,,,,,False
US,US,US,,,,,,,,,,,US,,,305,Organization,,,,,,,,,,,,,,False
US,US,US,,,,,,,,,,,US,,,306,Organization,,,,,,,,,,,,,,False
US,US,US,,,,,,,,,,,US,,,309,Organization,,,,,,,,,,,,,,False
US,US,US,,,,,,,,,,,US,,,310,Organization,,,,,,,,,,,,,,False
US,US,US,,,,,,,,,,,US,,,311,Organization,,,,,,,,,,,,,,False
US,US,US,,,,,,,,,,,US,,,315,Organization,,,,,,,,,,,,,,False
US,US,US,,,,,,,,,,,US,,,316,Organization,,,,,,,,,,,,,,False
US,US,US,,,,,,,,,,,US,,,319,Organization,,,,,,,,,,,,,,False
US,US,US,,,,,,,,,,,US,,,320,Organization,,,,,,,,,,,,,,False
US,US,US,,,,,,,,,,,US,,,321,Organization,,,,,,,,,,,,,,False
US,US,US,,,,,,,,,,,US,,,324,Organization,,,,,,,,,,,,,,False
US,US,US,,,,,,,,,,,US,,,325,Organization,,,,,,,,,,,,,,False
US,US,US,,,,,,,,,,,US,,,328,Organization,,,,,,,,,,,,,,False
US,US,US,,,,,,,,,,,US,,,330,Organization,,,,,,,,,,,,,,False
US,US,US,,,,,,,,,,,US,,,331,Organization,,,,,,,,,,,,,,False
US,US,US,,,,,,,,,,,US,,,332,Organization,,,,,,,,,,,,,,False
US,US,US,,,,,,,,,,,US,,,336,Organization,,,,,,,,,,,,,,False
US,US,US,,,,,,,,,,,US,,,337,Organization,,,,,,,,,,,,,,False
US,US,US,,,,,,,,,,,US,,,338,Organization,,,,,,,,,,,,,,False
US,US,US,,,,,,,,,,,US,,,339,Organization,,,,,,,,,,,,,,False
US,US,US,,,,,,,,,,,US,,,343,Organization,,,,,,,,,,,,,,False
US,US,US,,,,,,,,,,,US,,,344,Organization,,,,,,,,,,,,,,False
US,US,US,,,,,,,,,,,US,,,346,Organization,,,,,,,,,,,,,,False
US,US,US,,,,,,,,,,,US,,,347,Organization,,,,,,,,,,,,,,False
US,US,US,,,,,,,,,,,US,,,348,Organization,,,,,,,,,,,,,,False
US,US,US,,,,,,,,,,,US,,,349,Organization,,,,,,,,,,,,,,False
US,US,US,,,,,,,,,,,US,,,350,Organization,,,,,,,,,,,,,,False
US,US,US,,,,,,,,,,,US,,,351,Organization,,,,,,,,,,,,,,False
US,US,US,,,,,,,,,,,US,,,352,Organization,,,,,,,,,,,,,,False
US,US,US,,,,,,,,,,,US,,,353,Organization,,,,,,,,,,,,,,False
US,US,US,,,,,,,,,,,US,,,355,Organization,,,,,,,,,,,,,,False
US,US,US,,,,,,,,,,,US,,,356,Organization,,,,,,,,,,,,,,False
US,US,US,,,,,,,,,,,US,,,358,Organization,,,,,,,,,,,,,,False
US,US,US,,,,,,,,,,,US,,,361,Organization,,,,,,,,,,,,,,False
US,US,US,,,,,,,,,,,US,,,362,Organization,,,,,,,,,,,,,,False
US,US,US,,,,,,,,,,,US,,,364,Organization,,,,,,,,,,,,,,False
US,US,US,,,,,,,,,,,US,,,370,Organization,,,,,,,,,,,,,,False
US,US,US,,,,,,,,,,,US,,,371,Organization,,,,,,,,,,,,,,False
US,US,US,,,,,,,,,,,US,,,372,Organization,,,,,,,,,,,,,,False
US,US,US,,,,,,,,,,,US,,,375,Organization,,,,,,,,,,,,,,False
US,US,US,,,,,,,,,,,US,,,377,Organization,,,,,,,,,,,,,,False
US,US,US,,,,,,,,,,,US,,,378,Organization,,,,,,,,,,,,,,False
US,US,US,,,,,,,,,,,US,,,380,Organization,,,,,,,,,,,,,,False
US,US,US,,,,,,,,,,,US,,,381,Organization,,,,,,,,,,,,,,False
US,US,US,,,,,,,,,,,US,,,383,Organization,,,,,,,,,,,,,,False
US,US,US,,,,,,,,,,,US,,,384,Organization,,,,,,,,,,,,,,False
US,US,US,,,,,,,,,,,US,,,388,Organization,,,,,,,,,,,,,,False
US,US,US,,,,,,,,,,,US,,,389,Organization,,,,,,,,,,,,,,False
US,US,US,,,,,,,,,,,US,,,391,Organization,,,,,,,,,,,,,,False
US,US,US,,,,,,,,,,,US,,,392,Organization,,,,,,,,,,,,,,False
US,US,US,,,,,,,,,,,US,,,395,Organization,,,,,,,,,,,,,,False
US,US,US,,,,,,,,,,,US,,,396,Organization,,,,,,,,,,,,,,False
US,US,US,,,,,,,,,,,US,,,397,Organization,,,,,,,,,,,,,,False
US,US,US,,,,,,,,,,,US,,,398,Organization,,,,,,,,,,,,,,False
US,US,US,,,,,,,,,,,US,,,400,Organization,,,,,,,,,,,,,,False
US,US,US,,,,,,,,,,,US,,,403,Organization,,,,,,,,,,,,,,False
US,US,US,,,,,,,,,,,US,,,404,Organization,,,,,,,,,,,,,,False
US,US,US,,,,,,,,,,,US,,,405,Organization,,,,,,,,,,,,,,False
US,US,US,,,,,,,,,,,US,,,406,Organization,,,,,,,,,,,,,,False
US,US,US,,,,,,,,,,,US,,,407,Organization,,,,,,,,,,,,,,False
US,US,US,,,,,,,,,,,US,,,409,Organization,,,,,,,,,,,,,,False
US,US,US,,,,,,,,,,,US,,,410,Organization,,,,,,,,,,,,,,False
US,US,US,,,,,,,,,,,US,,,412,Organization,,,,,,,,,,,,,,False
US,US,US,,,,,,,,,,,US,,,413,Organization,,,,,,,,,,,,,,False
US,US,US,,,,,,,,,,,US,,,414,Organization,,,,,,,,,,,,,,False
US,US,US,,,,,,,,,,,US,,,415,Organization,,,,,,,,,,,,,,False
US,US,US,,,,,,,,,,,US,,,417,Organization,,,,,,,,,,,,,,False
US,US,US,,,,,,,,,,,US,,,418,Organization,,,,,,,,,,,,,,False
US,US,US,,,,,,,,,,,US,,,419,Organization,,,,,,,,,,,,,,False
US,US,US,,,,,,,,,,,US,,,420,Organization,,,,,,,,,,,,,,False
US,US,US,,,,,,,,,,,US,,,421,Organization,,,,,,,,,,,,,,False
US,US,US,,,,,,,,,,,US,,,423,Organization,,,,,,,,,,,,,,False
US,US,US,,,,,,,,,,,US,,,424,Organization,,,,,,,,,,,,,,False
US,US,US,,,,,,,,,,,US,,,425,Organization,,,,,,,,,,,,,,False
US,US,US,,,,,,,,,,,US,,,427,Organization,,,,,,,,,,,,,,False
US,US,US,,,,,,,,,,,US,,,428,Organization,,,,,,,,,,,,,,False
US,US,US,,,,,,,,,,,US,,,429,Organization,,,,,,,,,,,,,,False
US,US,US,,,,,,,,,,,US,,,433,Organization,,,,,,,,,,,,,,False
US,US,US,,,,,,,,,,,US,,,435,Organization,,,,,,,,,,,,,,False
US,US,US,,,,,,,,,,,US,,,438,Organization,,,,,,,,,,,,,,False
US,US,US,,,,,,,,,,,US,,,439,Organization,,,,,,,,,,,,,,False
US,US,US,,,,,,,,,,,US,,,442,Organization,,,,,,,,,,,,,,False
US,US,US,,,,,,,,,,,US,,,443,Organization,,,,,,,,,,,,,,False
US,US,US,,,,,,,,,,,US,,,444,Organization,,,,,,,,,,,,,,False
US,US,US,,,,,,,,,,,US,,,445,Organization,,,,,,,,,,,,,,False
US,US,US,,,,,,,,,,,US,,,446,Organization,,,,,,,,,,,,,,False
US,US,US,,,,,,,,,,,US,,,448,Organization,,,,,,,,,,,,,,False
US,US,US,,,,,,,,,,,US,,,450,Organization,,,,,,,,,,,,,,False
US,US,US,,,,,,,,,,,US,,,452,Organization,,,,,,,,,,,,,,False
US,US,US,,,,,,,,,,,US,,,455,Organization,,,,,,,,,,,,,,False
US,US,US,,,,,,,,,,,US,,,460,Organization,,,,,,,,,,,,,,False
US,US,US,,,,,,,,,,,US,,,461,Organization,,,,,,,,,,,,,,False
US,US,US,,,,,,,,,,,US,,,462,Organization,,,,,,,,,,,,,,False
US,US,US,,,,,,,,,,,US,,,463,Organization,,,,,,,,,,,,,,False
US,US,US,,,,,,,,,,,US,,,464,Organization,,,,,,,,,,,,,,False
US,US,US,,,,,,,,,,,US,,,467,Organization,,,,,,,,,,,,,,False
US,US,US,,,,,,,,,,,US,,,468,Organization,,,,,,,,,,,,,,False
US,US,US,,,,,,,,,,,US,,,470,Organization,,,,,,,,,,,,,,False
US,US,US,,,,,,,,,,,US,,,471,Organization,,,,,,,,,,,,,,False
US,US,US,,,,,,,,,,,US,,,473,Organization,,,,,,,,,,,,,,False
US,US,US,,,,,,,,,,,US,,,474,Organization,,,,,,,,,,,,,,False
US,US,US,,,,,,,,,,,US,,,475,Organization,,,,,,,,,,,,,,False
US,US,US,,,,,,,,,,,US,,,476,Organization,,,,,,,,,,,,,,False
US,US,US,,,,,,,,,,,US,,,477,Organization,,,,,,,,,,,,,,False
US,US,US,,,,,,,,,,,US,,,478,Organization,,,,,,,,,,,,,,False
US,US,US,,,,,,,,,,,US,,,480,Organization,,,,,,,,,,,,,,False
US,US,US,,,,,,,,,,,US,,,484,Organization,,,,,,,,,,,,,,False
US,US,US,,,,,,,,,,,US,,,485,Organization,,,,,,,,,,,,,,False
US,US,US,,,,,,,,,,,US,,,486,Organization,,,,,,,,,,,,,,False
US,US,US,,,,,,,,,,,US,,,490,Organization,,,,,,,,,,,,,,False
US,US,US,,,,,,,,,,,US,,,491,Organization,,,,,,,,,,,,,,False
US,US,US,,,,,,,,,,,US,,,492,Organization,,,,,,,,,,,,,,False
US,US,US,,,,,,,,,,,US,,,493,Organization,,,,,,,,,,,,,,False
US,US,US,,,,,,,,,,,US,,,495,Organization,,,,,,,,,,,,,,False
US,US,US,,,,,,,,,,,US,,,496,Organization,,,,,,,,,,,,,,False
US,US,US,,,,,,,,,,,US,,,499,Organization,,,,,,,,,,,,,,False
US,US,US,,,,,,,,,,,US,,,500,Organization,,,,,,,,,,,,,,False
US,US,US,,,,,,,,,,,US,,,502,Organization,,,,,,,,,,,,,,False
US,US,US,,,,,,,,,,,US,,,504,Organization,,,,,,,,,,,,,,False
US,US,US,,,,,,,,,,,US,,,506,Organization,,,,,,,,,,,,,,False
US,US,US,,,,,,,,,,,US,,,507,Organization,,,,,,,,,,,,,,False
US,US,US,,,,,,,,,,,US,,,508,Organization,,,,,,,,,,,,,,False
US,US,US,,,,,,,,,,,US,,,510,Organization,,,,,,,,,,,,,,False
US,US,US,,,,,,,,,,,US,,,511,Organization,,,,,,,,,,,,,,False
US,US,US,,,,,,,,,,,US,,,512,Organization,,,,,,,,,,,,,,False
US,US,US,,,,,,,,,,,US,,,513,Organization,,,,,,,,,,,,,,False
US,US,US,,,,,,,,,,,US,,,516,Organization,,,,,,,,,,,,,,False
US,US,US,,,,,,,,,,,US,,,517,Organization,,,,,,,,,,,,,,False
US,US,US,,,,,,,,,,,US,,,518,Organization,,,,,,,,,,,,,,False
US,US,US,,,,,,,,,,,US,,,519,Organization,,,,,,,,,,,,,,False
US,US,US,,,,,,,,,,,US,,,521,Organization,,,,,,,,,,,,,,False
US,US,US,,,,,,,,,,,US,,,522,Organization,,,,,,,,,,,,,,False
US,US,US,,,,,,,,,,,US,,,524,Organization,,,,,,,,,,,,,,False
US,US,US,,,,,,,,,,,US,,,525,Organization,,,,,,,,,,,,,,False
US,US,US,,,,,,,,,,,US,,,532,Organization,,,,,,,,,,,,,,False
US,US,US,,,,,,,,,,,US,,,533,Organization,,,,,,,,,,,,,,False
US,US,US,,,,,,,,,,,US,,,538,Organization,,,,,,,,,,,,,,False
US,US,US,,,,,,,,,,,US,,,541,Organization,,,,,,,,,,,,,,False
US,US,US,,,,,,,,,,,US,,,545,Organization,,,,,,,,,,,,,,False
US,US,US,,,,,,,,,,,US,,,547,Organization,,,,,,,,,,,,,,False
US,US,US,,,,,,,,,,,US,,,549,Organization,,,,,,,,,,,,,,False
US,US,US,,,,,,,,,,,US,,,550,Organization,,,,,,,,,,,,,,False
US,US,US,,,,,,,,,,,US,,,553,Organization,,,,,,,,,,,,,,False
US,US,US,,,,,,,,,,,US,,,565,Organization,,,,,,,,,,,,,,False
US,US,US,,,,,,,,,,,US,,,566,Organization,,,,,,,,,,,,,,False
US,US,US,,,,,,,,,,,US,,,567,Organization,,,,,,,,,,,,,,False
US,US,US,,,,,,,,,,,US,,,571,Organization,,,,,,,,,,,,,,False
US,US,US,,,,,,,,,,,US,,,575,Organization,,,,,,,,,,,,,,False
US,US,US,,,,,,,,,,,US,,,576,Organization,,,,,,,,,,,,,,False
US,US,US,,,,,,,,,,,US,,,581,Organization,,,,,,,,,,,,,,False
US,US,US,,,,,,,,,,,US,,,584,Organization,,,,,,,,,,,,,,False
US,US,US,,,,,,,,,,,US,,,587,Organization,,,,,,,,,,,,,,False
US,US,US,,,,,,,,,,,US,,,590,Organization,,,,,,,,,,,,,,False
US,US,US,,,,,,,,,,,US,,,594,Organization,,,,,,,,,,,,,,False
US,US,US,,,,,,,,,,,US,,,597,Organization,,,,,,,,,,,,,,False
US,US,US,,,,,,,,,,,US,,,598,Organization,,,,,,,,,,,,,,False
US,US,US,,,,,,,,,,,US,,,599,Organization,,,,,,,,,,,,,,False
US,US,US,,,,,,,,,,,US,,,600,Organization,,,,,,,,,,,,,,False
US,US,US,,,,,,,,,,,US,,,605,Organization,,,,,,,,,,,,,,False
US,US,US,,,,,,,,,,,US,,,606,Organization,,,,,,,,,,,,,,False
US,US,US,,,,,,,,,,,US,,,608,Organization,,,,,,,,,,,,,,False
US,US,US,,,,,,,,,,,US,,,609,Organization,,,,,,,,,,,,,,False
US,US,US,,,,,,,,,,,US,,,610,Organization,,,,,,,,,,,,,,False
US,US,US,,,,,,,,,,,US,,,613,Organization,,,,,,,,,,,,,,False
US,US,US,,,,,,,,,,,US,,,614,Organization,,,,,,,,,,,,,,False
US,US,US,,,,,,,,,,,US,,,616,Organization,,,,,,,,,,,,,,False
US,US,US,,,,,,,,,,,US,,,617,Organization,,,,,,,,,,,,,,False
US,US,US,,,,,,,,,,,US,,,619,Organization,,,,,,,,,,,,,,False
US,US,US,,,,,,,,,,,US,,,620,Organization,,,,,,,,,,,,,,False
US,US,US,,,,,,,,,,,US,,,622,Organization,,,,,,,,,,,,,,False
US,US,US,,,,,,,,,,,US,,,624,Organization,,,,,,,,,,,,,,False
US,US,US,,,,,,,,,,,US,,,625,Organization,,,,,,,,,,,,,,False
US,US,US,,,,,,,,,,,US,,,631,Organization,,,,,,,,,,,,,,False
US,US,US,,,,,,,,,,,US,,,634,Organization,,,,,,,,,,,,,,False
US,US,US,,,,,,,,,,,US,,,635,Organization,,,,,,,,,,,,,,False
US,US,US,,,,,,,,,,,US,,,640,Organization,,,,,,,,,,,,,,False
US,US,US,,,,,,,,,,,US,,,641,Organization,,,,,,,,,,,,,,False
US,US,US,,,,,,,,,,,US,,,643,Organization,,,,,,,,,,,,,,False
US,US,US,,,,,,,,,,,US,,,645,Organization,,,,,,,,,,,,,,False
US,US,US,,,,,,,,,,,US,,,646,Organization,,,,,,,,,,,,,,False
US,US,US,,,,,,,,,,,US,,,647,Organization,,,,,,,,,,,,,,False
US,US,US,,,,,,,,,,,US,,,651,Organization,,,,,,,,,,,,,,False
US,US,US,,,,,,,,,,,US,,,653,Organization,,,,,,,,,,,,,,False
US,US,US,,,,,,,,,,,US,,,656,Organization,,,,,,,,,,,,,,False
US,US,US,,,,,,,,,,,US,,,657,Organization,,,,,,,,,,,,,,False
US,US,US,,,,,,,,,,,US,,,659,Organization,,,,,,,,,,,,,,False
US,US,US,,,,,,,,,,,US,,,660,Organization,,,,,,,,,,,,,,False
US,US,US,,,,,,,,,,,US,,,662,Organization,,,,,,,,,,,,,,False
US,US,US,,,,,,,,,,,US,,,663,Organization,,,,,,,,,,,,,,False
US,US,US,,,,,,,,,,,US,,,664,Organization,,,,,,,,,,,,,,False
US,US,US,,,,,,,,,,,US,,,671,Organization,,,,,,,,,,,,,,False
US,US,US,,,,,,,,,,,US,,,672,Organization,,,,,,,,,,,,,,False
US,US,US,,,,,,,,,,,US,,,673,Organization,,,,,,,,,,,,,,False
US,US,US,,,,,,,,,,,US,,,674,Organization,,,,,,,,,,,,,,False
US,US,US,,,,,,,,,,,US,,,676,Organization,,,,,,,,,,,,,,False
US,US,US,,,,,,,,,,,US,,,677,Organization,,,,,,,,,,,,,,False
US,US,US,,,,,,,,,,,US,,,678,Organization,,,,,,,,,,,,,,False
US,US,US,,,,,,,,,,,US,,,679,Organization,,,,,,,,,,,,,,False
US,US,US,,,,,,,,,,,US,,,683,Organization,,,,,,,,,,,,,,False
US,US,US,,,,,,,,,,,US,,,684,Organization,,,,,,,,,,,,,,False
US,US,US,,,,,,,,,,,US,,,688,Organization,,,,,,,,,,,,,,False
US,US,US,,,,,,,,,,,US,,,689,Organization,,,,,,,,,,,,,,False
US,US,US,,,,,,,,,,,US,,,691,Organization,,,,,,,,,,,,,,False
US,US,US,,,,,,,,,,,US,,,694,Organization,,,,,,,,,,,,,,False
US,US,US,,,,,,,,,,,US,,,695,Organization,,,,,,,,,,,,,,False
US,US,US,,,,,,,,,,,US,,,696,Organization,,,,,,,,,,,,,,False
US,US,US,,,,,,,,,,,US,,,697,Organization,,,,,,,,,,,,,,False
US,US,US,,,,,,,,,,,US,,,699,Organization,,,,,,,,,,,,,,False
US,US,US,,,,,,,,,,,US,,,701,Organization,,,,,,,,,,,,,,False
US,US,US,,,,,,,,,,,US,,,702,Organization,,,,,,,,,,,,,,False
US,US,US,,,,,,,,,,,US,,,703,Organization,,,,,,,,,,,,,,False
US,US,US,,,,,,,,,,,US,,,704,Organization,,,,,,,,,,,,,,False
US,US,US,,,,,,,,,,,US,,,708,Organization,,,,,,,,,,,,,,False
US,US,US,,,,,,,,,,,US,,,709,Organization,,,,,,,,,,,,,,False
US,US,US,,,,,,,,,,,US,,,714,Organization,,,,,,,,,,,,,,False
US,US,US,,,,,,,,,,,US,,,719,Organization,,,,,,,,,,,,,,False
US,US,US,,,,,,,,,,,US,,,720,Organization,,,,,,,,,,,,,,False
US,US,US,,,,,,,,,,,US,,,724,Organization,,,,,,,,,,,,,,False
US,US,US,,,,,,,,,,,US,,,726,Organization,,,,,,,,,,,,,,False
US,US,US,,,,,,,,,,,US,,,727,Organization,,,,,,,,,,,,,,False
US,US,US,,,,,,,,,,,US,,,728,Organization,,,,,,,,,,,,,,False
US,US,US,,,,,,,,,,,US,,,733,Organization,,,,,,,,,,,,,,False
US,US,US,,,,,,,,,,,US,,,734,Organization,,,,,,,,,,,,,,False
US,US,US,,,,,,,,,,,US,,,735,Organization,,,,,,,,,,,,,,False
US,US,US,,,,,,,,,,,US,,,736,Organization,,,,,,,,,,,,,,False
US,US,US,,,,,,,,,,,US,,,737,Organization,,,,,,,,,,,,,,False
US,US,US,,,,,,,,,,,US,,,738,Organization,,,,,,,,,,,,,,False
US,US,US,,,,,,,,,,,US,,,740,Organization,,,,,,,,,,,,,,False
US,US,US,,,,,,,,,,,US,,,744,Organization,,,,,,,,,,,,,,False
US,US,US,,,,,,,,,,,US,,,747,Organization,,,,,,,,,,,,,,False
US,US,US,,,,,,,,,,,US,,,748,Organization,,,,,,,,,,,,,,False
US,US,US,,,,,,,,,,,US,,,749,Organization,,,,,,,,,,,,,,False
US,US,US,,,,,,,,,,,US,,,750,Organization,,,,,,,,,,,,,,False
US,US,US,,,,,,,,,,,US,,,751,Organization,,,,,,,,,,,,,,False
US,US,US,,,,,,,,,,,US,,,753,Organization,,,,,,,,,,,,,,False
US,US,US,,,,,,,,,,,US,,,754,Organization,,,,,,,,,,,,,,False
US,US,US,,,,,,,,,,,US,,,755,Organization,,,,,,,,,,,,,,False
US,US,US,,,,,,,,,,,US,,,757,Organization,,,,,,,,,,,,,,False
US,US,US,,,,,,,,,,,US,,,758,Organization,,,,,,,,,,,,,,False
US,US,US,,,,,,,,,,,US,,,759,Organization,,,,,,,,,,,,,,False
US,US,US,,,,,,,,,,,US,,,761,Organization,,,,,,,,,,,,,,False
US,US,US,,,,,,,,,,,US,,,764,Organization,,,,,,,,,,,,,,False
US,US,US,,,,,,,,,,,US,,,765,Organization,,,,,,,,,,,,,,False
US,US,US,,,,,,,,,,,US,,,768,Organization,,,,,,,,,,,,,,False
US,US,US,,,,,,,,,,,US,,,769,Organization,,,,,,,,,,,,,,False
US,US,US,,,,,,,,,,,US,,,770,Organization,,,,,,,,,,,,,,False
US,US,US,,,,,,,,,,,US,,,773,Organization,,,,,,,,,,,,,,False
US,US,US,,,,,,,,,,,US,,,775,Organization,,,,,,,,,,,,,,False
US,US,US,,,,,,,,,,,US,,,776,Organization,,,,,,,,,,,,,,False
US,US,US,,,,,,,,,,,US,,,780,Organization,,,,,,,,,,,,,,False
US,US,US,,,,,,,,,,,US,,,781,Organization,,,,,,,,,,,,,,False
US,US,US,,,,,,,,,,,US,,,783,Organization,,,,,,,,,,,,,,False
US,US,US,,,,,,,,,,,US,,,785,Organization,,,,,,,,,,,,,,False
US,US,US,,,,,,,,,,,US,,,787,Organization,,,,,,,,,,,,,,False
US,US,US,,,,,,,,,,,US,,,788,Organization,,,,,,,,,,,,,,False
US,US,US,,,,,,,,,,,US,,,789,Organization,,,,,,,,,,,,,,False
US,US,US,,,,,,,,,,,US,,,790,Organization,,,,,,,,,,,,,,False
US,US,US,,,,,,,,,,,US,,,792,Organization,,,,,,,,,,,,,,False
US,US,US,,,,,,,,,,,US,,,794,Organization,,,,,,,,,,,,,,False
US,US,US,,,,,,,,,,,US,,,796,Organization,,,,,,,,,,,,,,False
US,US,US,,,,,,,,,,,US,,,801,Organization,,,,,,,,,,,,,,False
US,US,US,,,,,,,,,,,US,,,802,Organization,,,,,,,,,,,,,,False
US,US,US,,,,,,,,,,,US,,,803,Organization,,,,,,,,,,,,,,False
US,US,US,,,,,,,,,,,US,,,809,Organization,,,,,,,,,,,,,,False
US,US,US,,,,,,,,,,,US,,,810,Organization,,,,,,,,,,,,,,False
US,US,US,,,,,,,,,,,US,,,811,Organization,,,,,,,,,,,,,,False
US,US,US,,,,,,,,,,,US,,,812,Organization,,,,,,,,,,,,,,False
US,US,US,,,,,,,,,,,US,,,813,Organization,,,,,,,,,,,,,,False
US,US,US,,,,,,,,,,,US,,,814,Organization,,,,,,,,,,,,,,False
US,US,US,,,,,,,,,,,US,,,815,Organization,,,,,,,,,,,,,,False
US,US,US,,,,,,,,,,,US,,,817,Organization,,,,,,,,,,,,,,False
US,US,US,,,,,,,,,,,US,,,819,Organization,,,,,,,,,,,,,,False
US,US,US,,,,,,,,,,,US,,,820,Organization,,,,,,,,,,,,,,False
US,US,US,,,,,,,,,,,US,,,823,Organization,,,,,,,,,,,,,,False
US,US,US,,,,,,,,,,,US,,,825,Organization,,,,,,,,,,,,,,False
US,US,US,,,,,,,,,,,US,,,826,Organization,,,,,,,,,,,,,,False
US,US,US,,,,,,,,,,,US,,,827,Organization,,,,,,,,,,,,,,False
US,US,US,,,,,,,,,,,US,,,828,Organization,,,,,,,,,,,,,,False
US,US,US,,,,,,,,,,,US,,,830,Organization,,,,,,,,,,,,,,False
US,US,US,,,,,,,,,,,US,,,831,Organization,,,,,,,,,,,,,,False
US,US,US,,,,,,,,,,,US,,,832,Organization,,,,,,,,,,,,,,False
US,US,US,,,,,,,,,,,US,,,833,Organization,,,,,,,,,,,,,,False
US,US,US,,,,,,,,,,,US,,,835,Organization,,,,,,,,,,,,,,False
US,US,US,,,,,,,,,,,US,,,840,Organization,,,,,,,,,,,,,,False
US,US,US,,,,,,,,,,,US,,,841,Organization,,,,,,,,,,,,,,False
US,US,US,,,,,,,,,,,US,,,843,Organization,,,,,,,,,,,,,,False
US,US,US,,,,,,,,,,,US,,,845,Organization,,,,,,,,,,,,,,False
US,US,US,,,,,,,,,,,US,,,846,Organization,,,,,,,,,,,,,,False
US,US,US,,,,,,,,,,,US,,,847,Organization,,,,,,,,,,,,,,False
US,US,US,,,,,,,,,,,US,,,848,Organization,,,,,,,,,,,,,,False
US,US,US,,,,,,,,,,,US,,,849,Organization,,,,,,,,,,,,,,False
US,US,US,,,,,,,,,,,US,,,851,Organization,,,,,,,,,,,,,,False
US,US,US,,,,,,,,,,,US,,,852,Organization,,,,,,,,,,,,,,False
US,US,US,,,,,,,,,,,US,,,854,Organization,,,,,,,,,,,,,,False
US,US,US,,,,,,,,,,,US,,,855,Organization,,,,,,,,,,,,,,False
US,US,US,,,,,,,,,,,US,,,861,Organization,,,,,,,,,,,,,,False
US,US,US,,,,,,,,,,,US,,,862,Organization,,,,,,,,,,,,,,False
US,US,US,,,,,,,,,,,US,,,865,Organization,,,,,,,,,,,,,,False
US,US,US,,,,,,,,,,,US,,,866,Organization,,,,,,,,,,,,,,False
US,US,US,,,,,,,,,,,US,,,868,Organization,,,,,,,,,,,,,,False
US,US,US,,,,,,,,,,,US,,,869,Organization,,,,,,,,,,,,,,False
US,US,US,,,,,,,,,,,US,,,870,Organization,,,,,,,,,,,,,,False
US,US,US,,,,,,,,,,,US,,,873,Organization,,,,,,,,,,,,,,False
US,US,US,,,,,,,,,,,US,,,876,Organization,,,,,,,,,,,,,,False
US,US,US,,,,,,,,,,,US,,,877,Organization,,,,,,,,,,,,,,False
US,US,US,,,,,,,,,,,US,,,878,Organization,,,,,,,,,,,,,,False
US,US,US,,,,,,,,,,,US,,,879,Organization,,,,,,,,,,,,,,False
US,US,US,,,,,,,,,,,US,,,880,Organization,,,,,,,,,,,,,,False
US,US,US,,,,,,,,,,,US,,,881,Organization,,,,,,,,,,,,,,False
US,US,US,,,,,,,,,,,US,,,882,Organization,,,,,,,,,,,,,,False
US,US,US,,,,,,,,,,,US,,,883,Organization,,,,,,,,,,,,,,False
US,US,US,,,,,,,,,,,US,,,884,Organization,,,,,,,,,,,,,,False
US,US,US,,,,,,,,,,,US,,,888,Organization,,,,,,,,,,,,,,False
US,US,US,,,,,,,,,,,US,,,890,Organization,,,,,,,,,,,,,,False
US,US,US,,,,,,,,,,,US,,,892,Organization,,,,,,,,,,,,,,False
US,US,US,,,,,,,,,,,US,,,893,Organization,,,,,,,,,,,,,,False
US,US,US,,,,,,,,,,,US,,,896,Organization,,,,,,,,,,,,,,False
US,US,US,,,,,,,,,,,US,,,901,Organization,,,,,,,,,,,,,,False
US,US,US,,,,,,,,,,,US,,,904,Organization,,,,,,,,,,,,,,False
US,US,US,,,,,,,,,,,US,,,907,Organization,,,,,,,,,,,,,,False
US,US,US,,,,,,,,,,,US,,,908,Organization,,,,,,,,,,,,,,False
US,US,US,,,,,,,,,,,US,,,909,Organization,,,,,,,,,,,,,,False
US,US,US,,,,,,,,,,,US,,,910,Organization,,,,,,,,,,,,,,False
US,US,US,,,,,,,,,,,US,,,912,Organization,,,,,,,,,,,,,,False
US,US,US,,,,,,,,,,,US,,,915,Organization,,,,,,,,,,,,,,False
US,US,US,,,,,,,,,,,US,,,916,Organization,,,,,,,,,,,,,,False
US,US,US,,,,,,,,,,,US,,,917,Organization,,,,,,,,,,,,,,False
US,US,US,,,,,,,,,,,US,,,919,Organization,,,,,,,,,,,,,,False
US,US,US,,,,,,,,,,,US,,,920,Organization,,,,,,,,,,,,,,False
US,US,US,,,,,,,,,,,US,,,921,Organization,,,,,,,,,,,,,,False
US,US,US,,,,,,,,,,,US,,,922,Organization,,,,,,,,,,,,,,False
US,US,US,,,,,,,,,,,US,,,924,Organization,,,,,,,,,,,,,,False
US,US,US,,,,,,,,,,,US,,,926,Organization,,,,,,,,,,,,,,False
US,US,US,,,,,,,,,,,US,,,929,Organization,,,,,,,,,,,,,,False
US,US,US,,,,,,,,,,,US,,,931,Organization,,,,,,,,,,,,,,False
US,US,US,,,,,,,,,,,US,,,934,Organization,,,,,,,,,,,,,,False
US,US,US,,,,,,,,,,,US,,,935,Organization,,,,,,,,,,,,,,False
US,US,US,,,,,,,,,,,US,,,936,Organization,,,,,,,,,,,,,,False
US,US,US,,,,,,,,,,,US,,,938,Organization,,,,,,,,,,,,,,False
US,US,US,,,,,,,,,,,US,,,939,Organization,,,,,,,,,,,,,,False
US,US,US,,,,,,,,,,,US,,,940,Organization,,,,,,,,,,,,,,False
US,US,US,,,,,,,,,,,US,,,941,Organization,,,,,,,,,,,,,,False
US,US,US,,,,,,,,,,,US,,,943,Organization,,,,,,,,,,,,,,False
US,US,US,,,,,,,,,,,US,,,944,Organization,,,,,,,,,,,,,,False
US,US,US,,,,,,,,,,,US,,,945,Organization,,,,,,,,,,,,,,False
US,US,US,,,,,,,,,,,US,,,947,Organization,,,,,,,,,,,,,,False
US,US,US,,,,,,,,,,,US,,,948,Organization,,,,,,,,,,,,,,False
US,US,US,,,,,,,,,,,US,,,949,Organization,,,,,,,,,,,,,,False
US,US,US,,,,,,,,,,,US,,,950,Organization,,,,,,,,,,,,,,False
US,US,US,,,,,,,,,,,US,,,954,Organization,,,,,,,,,,,,,,False
US,US,US,,,,,,,,,,,US,,,958,Organization,,,,,,,,,,,,,,False
US,US,US,,,,,,,,,,,US,,,960,Organization,,,,,,,,,,,,,,False
US,US,US,,,,,,,,,,,US,,,962,Organization,,,,,,,,,,,,,,False
US,US,US,,,,,,,,,,,US,,,964,Organization,,,,,,,,,,,,,,False
US,US,US,,,,,,,,,,,US,,,966,Organization,,,,,,,,,,,,,,False
US,US,US,,,,,,,,,,,US,,,967,Organization,,,,,,,,,,,,,,False
US,US,US,,,,,,,,,,,US,,,968,Organization,,,,,,,,,,,,,,False
US,US,US,,,,,,,,,,,US,,,969,Organization,,,,,,,,,,,,,,False
US,US,US,,,,,,,,,,,US,,,971,Organization,,,,,,,,,,,,,,False
US,US,US,,,,,,,,,,,US,,,972,Organization,,,,,,,,,,,,,,False
US,US,US,,,,,,,,,,,US,,,973,Organization,,,,,,,,,,,,,,False
US,US,US,,,,,,,,,,,US,,,976,Organization,,,,,,,,,,,,,,False
US,US,US,,,,,,,,,,,US,,,977,Organization,,,,,,,,,,,,,,False
US,US,US,,,,,,,,,,,US,,,980,Organization,,,,,,,,,,,,,,False
US,US,US,,,,,,,,,,,US,,,981,Organization,,,,,,,,,,,,,,False
US,US,US,,,,,,,,,,,US,,,982,Organization,,,,,,,,,,,,,,False
US,US,US,,,,,,,,,,,US,,,983,Organization,,,,,,,,,,,,,,False
US,US,US,,,,,,,,,,,US,,,984,Organization,,,,,,,,,,,,,,False
US,US,US,,,,,,,,,,,US,,,985,Organization,,,,,,,,,,,,,,False
US,US,US,,,,,,,,,,,US,,,986,Organization,,,,,,,,,,,,,,False
US,US,US,,,,,,,,,,,US,,,989,Organization,,,,,,,,,,,,,,False
US,US,US,,,,,,,,,,,US,,,993,Organization,,,,,,,,,,,,,,False
US,US,US,,,,,,,,,,,US,,,994,Organization,,,,,,,,,,,,,,False
US,US,US,,,,,,,,,,,US,,,997,Organization,,,,,,,,,,,,,,False
US,US,US,,,,,,,,,,,US,,,998,Organization,,,,,,,,,,,,,,False
US,US,US,,,,,,,,,,,US,,,1000,Organization,,,,,,,,,,,,,,False
US,US,US,,,,,,,,,,,US,,,1001,Organization,,,,,,,,,,,,,,False
US,US,US,,,,,,,,,,,US,,,1004,Organization,,,,,,,,,,,,,,False
US,US,US,,,,,,,,,,,US,,,1006,Organization,,,,,,,,,,,,,,False
US,US,US,,,,,,,,,,,US,,,1009,Organization,,,,,,,,,,,,,,False
US,US,US,,,,,,,,,,,US,,,1012,Organization,,,,,,,,,,,,,,False
US,US,US,,,,,,,,,,,US,,,1013,Organization,,,,,,,,,,,,,,False
US,US,US,,,,,,,,,,,US,,,1014,Organization,,,,,,,,,,,,,,False
US,US,US,,,,,,,,,,,US,,,1015,Organization,,,,,,,,,,,,,,False
US,US,US,,,,,,,,,,,US,,,1017,Organization,,,,,,,,,,,,,,False
US,US,US,,,,,,,,,,,US,,,1019,Organization,,,,,,,,,,,,,,False
US,US,US,,,,,,,,,,,US,,,1022,Organization,,,,,,,,,,,,,,False
US,US,US,,,,,,,,,,,US,,,1024,Organization,,,,,,,,,,,,,,False
US,US,US,,,,,,,,,,,US,,,1026,Organization,,,,,,,,,,,,,,False
US,US,US,,,,,,,,,,,US,,,1028,Organization,,,,,,,,,,,,,,False
US,US,US,,,,,,,,,,,US,,,1032,Organization,,,,,,,,,,,,,,False
US,US,US,,,,,,,,,,,US,,,1040,Organization,,,,,,,,,,,,,,False
US,US,US,,,,,,,,,,,US,,,1043,Organization,,,,,,,,,,,,,,False
US,US,US,,,,,,,,,,,US,,,1044,Organization,,,,,,,,,,,,,,False
US,US,US,,,,,,,,,,,US,,,1045,Organization,,,,,,,,,,,,,,False
US,US,US,,,,,,,,,,,US,,,1046,Organization,,,,,,,,,,,,,,False
US,US,US,,,,,,,,,,,US,,,1047,Organization,,,,,,,,,,,,,,False
US,US,US,,,,,,,,,,,US,,,1048,Organization,,,,,,,,,,,,,,False
US,US,US,,,,,,,,,,,US,,,1049,Organization,,,,,,,,,,,,,,False
US,US,US,,,,,,,,,,,US,,,1051,Organization,,,,,,,,,,,,,,False
US,US,US,,,,,,,,,,,US,,,1052,Organization,,,,,,,,,,,,,,False
US,US,US,,,,,,,,,,,US,,,1053,Organization,,,,,,,,,,,,,,False
US,US,US,,,,,,,,,,,US,,,1054,Organization,,,,,,,,,,,,,,False
US,US,US,,,,,,,,,,,US,,,1055,Organization,,,,,,,,,,,,,,False
US,US,US,,,,,,,,,,,US,,,1057,Organization,,,,,,,,,,,,,,False
US,US,US,,,,,,,,,,,US,,,1059,Organization,,,,,,,,,,,,,,False
US,US,US,,,,,,,,,,,US,,,1061,Organization,,,,,,,,,,,,,,False
US,US,US,,,,,,,,,,,US,,,1062,Organization,,,,,,,,,,,,,,False
US,US,US,,,,,,,,,,,US,,,1066,Organization,,,,,,,,,,,,,,False
US,US,US,,,,,,,,,,,US,,,1068,Organization,,,,,,,,,,,,,,False
US,US,US,,,,,,,,,,,US,,,1069,Organization,,,,,,,,,,,,,,False
US,US,US,,,,,,,,,,,US,,,1070,Organization,,,,,,,,,,,,,,False
US,US,US,,,,,,,,,,,US,,,1075,Organization,,,,,,,,,,,,,,False
US,US,US,,,,,,,,,,,US,,,1077,Organization,,,,,,,,,,,,,,False
US,US,US,,,,,,,,,,,US,,,1078,Organization,,,,,,,,,,,,,,False
US,US,US,,,,,,,,,,,US,,,1079,Organization,,,,,,,,,,,,,,False
US,US,US,,,,,,,,,,,US,,,1086,Organization,,,,,,,,,,,,,,False
US,US,US,,,,,,,,,,,US,,,1088,Organization,,,,,,,,,,,,,,False
US,US,US,,,,,,,,,,,US,,,1090,Organization,,,,,,,,,,,,,,False
US,US,US,,,,,,,,,,,US,,,1091,Organization,,,,,,,,,,,,,,False
US,US,US,,,,,,,,,,,US,,,1092,Organization,,,,,,,,,,,,,,False
US,US,US,,,,,,,,,,,US,,,1093,Organization,,,,,,,,,,,,,,False
US,US,US,,,,,,,,,,,US,,,1094,Organization,,,,,,,,,,,,,,False
US,US,US,,,,,,,,,,,US,,,1095,Organization,,,,,,,,,,,,,,False
US,US,US,,,,,,,,,,,US,,,1096,Organization,,,,,,,,,,,,,,False
US,US,US,,,,,,,,,,,US,,,1097,Organization,,,,,,,,,,,,,,False
US,US,US,,,,,,,,,,,US,,,1098,Organization,,,,,,,,,,,,,,False
US,US,US,,,,,,,,,,,US,,,1100,Organization,,,,,,,,,,,,,,False
US,US,US,,,,,,,,,,,US,,,1101,Organization,,,,,,,,,,,,,,False
US,US,US,,,,,,,,,,,US,,,1105,Organization,,,,,,,,,,,,,,False
US,US,US,,,,,,,,,,,US,,,1106,Organization,,,,,,,,,,,,,,False
US,US,US,,,,,,,,,,,US,,,1108,Organization,,,,,,,,,,,,,,False
US,US,US,,,,,,,,,,,US,,,1109,Organization,,,,,,,,,,,,,,False
US,US,US,,,,,,,,,,,US,,,1111,Organization,,,,,,,,,,,,,,False
US,US,US,,,,,,,,,,,US,,,1112,Organization,,,,,,,,,,,,,,False
US,US,US,,,,,,,,,,,US,,,1113,Organization,,,,,,,,,,,,,,False
US,US,US,,,,,,,,,,,US,,,1117,Organization,,,,,,,,,,,,,,False
US,US,US,,,,,,,,,,,US,,,1119,Organization,,,,,,,,,,,,,,False
US,US,US,,,,,,,,,,,US,,,1120,Organization,,,,,,,,,,,,,,False
US,US,US,,,,,,,,,,,US,,,1121,Organization,,,,,,,,,,,,,,False
US,US,US,,,,,,,,,,,US,,,1123,Organization,,,,,,,,,,,,,,False
US,US,US,,,,,,,,,,,US,,,1124,Organization,,,,,,,,,,,,,,False
US,US,US,,,,,,,,,,,US,,,1125,Organization,,,,,,,,,,,,,,False
US,US,US,,,,,,,,,,,US,,,1129,Organization,,,,,,,,,,,,,,False
US,US,US,,,,,,,,,,,US,,,1130,Organization,,,,,,,,,,,,,,False
US,US,US,,,,,,,,,,,US,,,1134,Organization,,,,,,,,,,,,,,False
US,US,US,,,,,,,,,,,US,,,1135,Organization,,,,,,,,,,,,,,False
US,US,US,,,,,,,,,,,US,,,1136,Organization,,,,,,,,,,,,,,False
US,US,US,,,,,,,,,,,US,,,1138,Organization,,,,,,,,,,,,,,False
US,US,US,,,,,,,,,,,US,,,1140,Organization,,,,,,,,,,,,,,False
US,US,US,,,,,,,,,,,US,,,1142,Organization,,,,,,,,,,,,,,False
US,US,US,,,,,,,,,,,US,,,1143,Organization,,,,,,,,,,,,,,False
US,US,US,,,,,,,,,,,US,,,1144,Organization,,,,,,,,,,,,,,False
US,US,US,,,,,,,,,,,US,,,1147,Organization,,,,,,,,,,,,,,False
US,US,US,,,,,,,,,,,US,,,1148,Organization,,,,,,,,,,,,,,False
US,US,US,,,,,,,,,,,US,,,1150,Organization,,,,,,,,,,,,,,False
US,US,US,,,,,,,,,,,US,,,1153,Organization,,,,,,,,,,,,,,False
US,US,US,,,,,,,,,,,US,,,1154,Organization,,,,,,,,,,,,,,False
US,US,US,,,,,,,,,,,US,,,1155,Organization,,,,,,,,,,,,,,False
US,US,US,,,,,,,,,,,US,,,1156,Organization,,,,,,,,,,,,,,False
US,US,US,,,,,,,,,,,US,,,1158,Organization,,,,,,,,,,,,,,False
US,US,US,,,,,,,,,,,US,,,1161,Organization,,,,,,,,,,,,,,False
US,US,US,,,,,,,,,,,US,,,1164,Organization,,,,,,,,,,,,,,False
US,US,US,,,,,,,,,,,US,,,1167,Organization,,,,,,,,,,,,,,False
US,US,US,,,,,,,,,,,US,,,1169,Organization,,,,,,,,,,,,,,False
US,US,US,,,,,,,,,,,US,,,1171,Organization,,,,,,,,,,,,,,False
US,US,US,,,,,,,,,,,US,,,1178,Organization,,,,,,,,,,,,,,False
US,US,US,,,,,,,,,,,US,,,1180,Organization,,,,,,,,,,,,,,False
US,US,US,,,,,,,,,,,US,,,1181,Organization,,,,,,,,,,,,,,False
US,US,US,,,,,,,,,,,US,,,1183,Organization,,,,,,,,,,,,,,False
US,US,US,,,,,,,,,,,US,,,1184,Organization,,,,,,,,,,,,,,False
US,US,US,,,,,,,,,,,US,,,1189,Organization,,,,,,,,,,,,,,False
US,US,US,,,,,,,,,,,US,,,1190,Organization,,,,,,,,,,,,,,False
US,US,US,,,,,,,,,,,US,,,1192,Organization,,,,,,,,,,,,,,False
US,US,US,,,,,,,,,,,US,,,1194,Organization,,,,,,,,,,,,,,False
US,US,US,,,,,,,,,,,US,,,1195,Organization,,,,,,,,,,,,,,False
US,US,US,,,,,,,,,,,US,,,1196,Organization,,,,,,,,,,,,,,False
US,US,US,,,,,,,,,,,US,,,1197,Organization,,,,,,,,,,,,,,False
US,US,US,,,,,,,,,,,US,,,1198,Organization,,,,,,,,,,,,,,False
US,US,US,,,,,,,,,,,US,,,1199,Organization,,,,,,,,,,,,,,False
US,US,US,,,,,,,,,,,US,,,1201,Organization,,,,,,,,,,,,,,False
US,US,US,,,,,,,,,,,US,,,1202,Organization,,,,,,,,,,,,,,False
US,US,US,,,,,,,,,,,US,,,1203,Organization,,,,,,,,,,,,,,False
US,US,US,,,,,,,,,,,US,,,1207,Organization,,,,,,,,,,,,,,False
US,US,US,,,,,,,,,,,US,,,1208,Organization,,,,,,,,,,,,,,False
US,US,US,,,,,,,,,,,US,,,1211,Organization,,,,,,,,,,,,,,False
US,US,US,,,,,,,,,,,US,,,1212,Organization,,,,,,,,,,,,,,False
US,US,US,,,,,,,,,,,US,,,1216,Organization,,,,,,,,,,,,,,False
US,US,US,,,,,,,,,,,US,,,1219,Organization,,,,,,,,,,,,,,False
US,US,US,,,,,,,,,,,US,,,1220,Organization,,,,,,,,,,,,,,False
US,US,US,,,,,,,,,,,US,,,1223,Organization,,,,,,,,,,,,,,False
US,US,US,,,,,,,,,,,US,,,1225,Organization,,,,,,,,,,,,,,False
US,US,US,,,,,,,,,,,US,,,1226,Organization,,,,,,,,,,,,,,False
US,US,US,,,,,,,,,,,US,,,1229,Organization,,,,,,,,,,,,,,False
US,US,US,,,,,,,,,,,US,,,1234,Organization,,,,,,,,,,,,,,False
US,US,US,,,,,,,,,,,US,,,1236,Organization,,,,,,,,,,,,,,False
US,US,US,,,,,,,,,,,US,,,1238,Organization,,,,,,,,,,,,,,False
US,US,US,,,,,,,,,,,US,,,1242,Organization,,,,,,,,,,,,,,False
US,US,US,,,,,,,,,,,US,,,1243,Organization,,,,,,,,,,,,,,False
US,US,US,,,,,,,,,,,US,,,1245,Organization,,,,,,,,,,,,,,False
US,US,US,,,,,,,,,,,US,,,1248,Organization,,,,,,,,,,,,,,False
US,US,US,,,,,,,,,,,US,,,1249,Organization,,,,,,,,,,,,,,False
US,US,US,,,,,,,,,,,US,,,1250,Organization,,,,,,,,,,,,,,False
US,US,US,,,,,,,,,,,US,,,1255,Organization,,,,,,,,,,,,,,False
US,US,US,,,,,,,,,,,US,,,1257,Organization,,,,,,,,,,,,,,False
US,US,US,,,,,,,,,,,US,,,1258,Organization,,,,,,,,,,,,,,False
US,US,US,,,,,,,,,,,US,,,1262,Organization,,,,,,,,,,,,,,False
US,US,US,,,,,,,,,,,US,,,1265,Organization,,,,,,,,,,,,,,False
US,US,US,,,,,,,,,,,US,,,1266,Organization,,,,,,,,,,,,,,False
US,US,US,,,,,,,,,,,US,,,1269,Organization,,,,,,,,,,,,,,False
US,US,US,,,,,,,,,,,US,,,1270,Organization,,,,,,,,,,,,,,False
US,US,US,,,,,,,,,,,US,,,1275,Organization,,,,,,,,,,,,,,False
US,US,US,,,,,,,,,,,US,,,1276,Organization,,,,,,,,,,,,,,False
US,US,US,,,,,,,,,,,US,,,1277,Organization,,,,,,,,,,,,,,False
US,US,US,,,,,,,,,,,US,,,1278,Organization,,,,,,,,,,,,,,False
US,US,US,,,,,,,,,,,US,,,1279,Organization,,,,,,,,,,,,,,False
US,US,US,,,,,,,,,,,US,,,1280,Organization,,,,,,,,,,,,,,False
US,US,US,,,,,,,,,,,US,,,1281,Organization,,,,,,,,,,,,,,False
US,US,US,,,,,,,,,,,US,,,1283,Organization,,,,,,,,,,,,,,False
US,US,US,,,,,,,,,,,US,,,1285,Organization,,,,,,,,,,,,,,False
US,US,US,,,,,,,,,,,US,,,1289,Organization,,,,,,,,,,,,,,False
US,US,US,,,,,,,,,,,US,,,1292,Organization,,,,,,,,,,,,,,False
US,US,US,,,,,,,,,,,US,,,1294,Organization,,,,,,,,,,,,,,False
US,US,US,,,,,,,,,,,US,,,1295,Organization,,,,,,,,,,,,,,False
US,US,US,,,,,,,,,,,US,,,1296,Organization,,,,,,,,,,,,,,False
US,US,US,,,,,,,,,,,US,,,1300,Organization,,,,,,,,,,,,,,False
US,US,US,,,,,,,,,,,US,,,1301,Organization,,,,,,,,,,,,,,False
US,US,US,,,,,,,,,,,US,,,1304,Organization,,,,,,,,,,,,,,False
US,US,US,,,,,,,,,,,US,,,1308,Organization,,,,,,,,,,,,,,False
US,US,US,,,,,,,,,,,US,,,1309,Organization,,,,,,,,,,,,,,False
US,US,US,,,,,,,,,,,US,,,1311,Organization,,,,,,,,,,,,,,False
US,US,US,,,,,,,,,,,US,,,1315,Organization,,,,,,,,,,,,,,False
US,US,US,,,,,,,,,,,US,,,1317,Organization,,,,,,,,,,,,,,False
US,US,US,,,,,,,,,,,US,,,1320,Organization,,,,,,,,,,,,,,False
US,US,US,,,,,,,,,,,US,,,1321,Organization,,,,,,,,,,,,,,False
US,US,US,,,,,,,,,,,US,,,1323,Organization,,,,,,,,,,,,,,False
US,US,US,,,,,,,,,,,US,,,1329,Organization,,,,,,,,,,,,,,False
US,US,US,,,,,,,,,,,US,,,1332,Organization,,,,,,,,,,,,,,False
US,US,US,,,,,,,,,,,US,,,1333,Organization,,,,,,,,,,,,,,False
US,US,US,,,,,,,,,,,US,,,1334,Organization,,,,,,,,,,,,,,False
US,US,US,,,,,,,,,,,US,,,1337,Organization,,,,,,,,,,,,,,False
US,US,US,,,,,,,,,,,US,,,1338,Organization,,,,,,,,,,,,,,False
US,US,US,,,,,,,,,,,US,,,1340,Organization,,,,,,,,,,,,,,False
US,US,US,,,,,,,,,,,US,,,1342,Organization,,,,,,,,,,,,,,False
US,US,US,,,,,,,,,,,US,,,1343,Organization,,,,,,,,,,,,,,False
US,US,US,,,,,,,,,,,US,,,1344,Organization,,,,,,,,,,,,,,False
US,US,US,,,,,,,,,,,US,,,1346,Organization,,,,,,,,,,,,,,False
US,US,US,,,,,,,,,,,US,,,1349,Organization,,,,,,,,,,,,,,False
US,US,US,,,,,,,,,,,US,,,1352,Organization,,,,,,,,,,,,,,False
US,US,US,,,,,,,,,,,US,,,1353,Organization,,,,,,,,,,,,,,False
US,US,US,,,,,,,,,,,US,,,1354,Organization,,,,,,,,,,,,,,False
US,US,US,,,,,,,,,,,US,,,1355,Organization,,,,,,,,,,,,,,False
US,US,US,,,,,,,,,,,US,,,1357,Organization,,,,,,,,,,,,,,False
US,US,US,,,,,,,,,,,US,,,1358,Organization,,,,,,,,,,,,,,False
US,US,US,,,,,,,,,,,US,,,1360,Organization,,,,,,,,,,,,,,False
US,US,US,,,,,,,,,,,US,,,1362,Organization,,,,,,,,,,,,,,False
US,US,US,,,,,,,,,,,US,,,1363,Organization,,,,,,,,,,,,,,False
US,US,US,,,,,,,,,,,US,,,1365,Organization,,,,,,,,,,,,,,False
US,US,US,,,,,,,,,,,US,,,1366,Organization,,,,,,,,,,,,,,False
US,US,US,,,,,,,,,,,US,,,1367,Organization,,,,,,,,,,,,,,False
US,US,US,,,,,,,,,,,US,,,1368,Organization,,,,,,,,,,,,,,False
US,US,US,,,,,,,,,,,US,,,1370,Organization,,,,,,,,,,,,,,False
US,US,US,,,,,,,,,,,US,,,1371,Organization,,,,,,,,,,,,,,False
US,US,US,,,,,,,,,,,US,,,1372,Organization,,,,,,,,,,,,,,False
US,US,US,,,,,,,,,,,US,,,1373,Organization,,,,,,,,,,,,,,False
US,US,US,,,,,,,,,,,US,,,1377,Organization,,,,,,,,,,,,,,False
US,US,US,,,,,,,,,,,US,,,1381,Organization,,,,,,,,,,,,,,False
US,US,US,,,,,,,,,,,US,,,1383,Organization,,,,,,,,,,,,,,False
US,US,US,,,,,,,,,,,US,,,1384,Organization,,,,,,,,,,,,,,False
US,US,US,,,,,,,,,,,US,,,1385,Organization,,,,,,,,,,,,,,False
US,US,US,,,,,,,,,,,US,,,1391,Organization,,,,,,,,,,,,,,False
US,US,US,,,,,,,,,,,US,,,1393,Organization,,,,,,,,,,,,,,False
US,US,US,,,,,,,,,,,US,,,1395,Organization,,,,,,,,,,,,,,False
US,US,US,,,,,,,,,,,US,,,1398,Organization,,,,,,,,,,,,,,False
US,US,US,,,,,,,,,,,US,,,1399,Organization,,,,,,,,,,,,,,False
US,US,US,,,,,,,,,,,US,,,1400,Organization,,,,,,,,,,,,,,False
US,US,US,,,,,,,,,,,US,,,1403,Organization,,,,,,,,,,,,,,False
US,US,US,,,,,,,,,,,US,,,1405,Organization,,,,,,,,,,,,,,False
US,US,US,,,,,,,,,,,US,,,1407,Organization,,,,,,,,,,,,,,False
US,US,US,,,,,,,,,,,US,,,1408,Organization,,,,,,,,,,,,,,False
US,US,US,,,,,,,,,,,US,,,1410,Organization,,,,,,,,,,,,,,False
US,US,US,,,,,,,,,,,US,,,1411,Organization,,,,,,,,,,,,,,False
US,US,US,,,,,,,,,,,US,,,1414,Organization,,,,,,,,,,,,,,False
US,US,US,,,,,,,,,,,US,,,1416,Organization,,,,,,,,,,,,,,False
US,US,US,,,,,,,,,,,US,,,1422,Organization,,,,,,,,,,,,,,False
US,US,US,,,,,,,,,,,US,,,1424,Organization,,,,,,,,,,,,,,False
US,US,US,,,,,,,,,,,US,,,1428,Organization,,,,,,,,,,,,,,False
US,US,US,,,,,,,,,,,US,,,1435,Organization,,,,,,,,,,,,,,False
US,US,US,,,,,,,,,,,US,,,1436,Organization,,,,,,,,,,,,,,False
US,US,US,,,,,,,,,,,US,,,1437,Organization,,,,,,,,,,,,,,False
US,US,US,,,,,,,,,,,US,,,1438,Organization,,,,,,,,,,,,,,False
US,US,US,,,,,,,,,,,US,,,1439,Organization,,,,,,,,,,,,,,False
US,US,US,,,,,,,,,,,US,,,1441,Organization,,,,,,,,,,,,,,False
US,US,US,,,,,,,,,,,US,,,1442,Organization,,,,,,,,,,,,,,False
US,US,US,,,,,,,,,,,US,,,1444,Organization,,,,,,,,,,,,,,False
US,US,US,,,,,,,,,,,US,,,1445,Organization,,,,,,,,,,,,,,False
